date,platform,campaign_type,industry,country,impressions,clicks,CTR,CPC,ad_spend,conversions,CPA,revenue,ROAS,conversion_rate,profit,profit_margin
2024-01-21,Google Ads,Search,Fintech,UAE,59886,2113,0.03528370570751094,1.26,2662.38,159,16.744528301886792,4803.43,1.8041864797662241,0.07524846190250828,2141.05,0.4457335695534233
2024-01-22,TikTok Ads,Search,EdTech,UK,135608,5220,0.038493304229838946,1.18,6159.6,411,14.986861313868614,64126.68,10.410851353984024,0.07873563218390804,57967.08,0.9039463761417245
2024-06-15,TikTok Ads,Video,Healthcare,USA,92313,5991,0.06489876832082156,0.85,5092.35,267,19.072471910112363,10489.07,2.0597700472277043,0.04456685027541312,5396.719999999999,0.5145089126109369
2024-01-02,TikTok Ads,Shopping,SaaS,Germany,83953,5935,0.07069431705835408,1.32,7834.2,296,26.46689189189189,50505.07,6.4467424880651505,0.04987363100252738,42670.87,0.8448828998752007
2024-02-22,TikTok Ads,Search,Healthcare,UK,91807,4489,0.04889605367782413,1.93,8663.77,107,80.96981308411215,3369.53,0.3889219127469912,0.02383604366228559,-5294.24,-1.5712102281327067
2024-10-15,TikTok Ads,Search,Fintech,Canada,17666,724,0.04098267859164497,0.37,267.88,23,11.64695652173913,5220.85,19.489510228460507,0.031767955801104975,4952.97,0.9486903473572311
2024-08-14,Meta Ads,Video,Fintech,USA,118252,3748,0.03169502418563745,0.42,1574.16,152,10.356315789473685,12838.56,8.15581643543223,0.04055496264674493,11264.4,0.8773881182936404
2024-04-05,TikTok Ads,Search,EdTech,UAE,92939,5176,0.0556924434306373,0.66,3416.16,388,8.804536082474227,96298.69,28.1891626855885,0.07496136012364761,92882.53,0.964525374125027
2024-04-17,Meta Ads,Display,EdTech,Germany,30939,937,0.030285400303823654,0.59,552.83,63,8.775079365079366,16531.03,29.902555939438884,0.0672358591248666,15978.199999999999,0.9665580426627984
2024-11-13,Google Ads,Shopping,Fintech,USA,8748,362,0.0413808870598994,1.21,438.02,10,43.802,966.57,2.206680060271221,0.027624309392265192,528.5500000000001,0.546830545123478
2024-04-22,Meta Ads,Video,E-commerce,UAE,98264,3144,0.03199544085321176,1.56,4904.64,129,38.02046511627907,23127.27,4.715385838715991,0.04103053435114504,18222.63,0.7879282768783346
2024-09-11,Meta Ads,Video,Fintech,Canada,173229,5092,0.029394616374856405,1.72,8758.24,65,134.74215384615385,12320.17,1.4066947240541479,0.012765121759622938,3561.9300000000003,0.2891137054115325
2024-05-26,Meta Ads,Video,SaaS,Canada,147483,2138,0.014496586047205441,0.57,1218.66,159,7.664528301886793,42434.18,34.82036006761525,0.07436856875584659,41215.52,0.9712811700379269
2024-02-29,Google Ads,Shopping,SaaS,USA,116472,4006,0.03439453259152414,2.68,10736.08,291,36.89374570446736,78428.38,7.305122540070491,0.07264103844233649,67692.3,0.8631097569527765
2024-04-22,TikTok Ads,Shopping,EdTech,Canada,37711,2111,0.05597836175121317,0.68,1435.48,92,15.60304347826087,13898.86,9.682378019895785,0.04358124111795358,12463.380000000001,0.8967195870740479
2024-10-15,TikTok Ads,Shopping,E-commerce,Germany,96412,7047,0.07309256109198026,1.11,7822.17,194,40.32046391752577,36717.43,4.694020968605899,0.02752944515396623,28895.260000000002,0.7869630309092984
2024-08-13,TikTok Ads,Video,Fintech,Canada,184476,8854,0.04799540319607971,0.35,3098.9,198,15.651010101010101,56216.92,18.140927425860788,0.022362773887508472,53118.02,0.9448760266482048
2024-08-20,TikTok Ads,Search,Fintech,Germany,38828,3607,0.09289687854125889,0.97,3498.79,116,30.161982758620688,8788.51,2.511871246916791,0.03215968949265317,5289.72,0.6018904228361804
2024-12-25,Meta Ads,Video,SaaS,Canada,187957,4586,0.024399197688833085,2.1,9630.6,271,35.53726937269373,34433.97,3.575475048283596,0.059092891408634975,24803.370000000003,0.7203168847507273
2024-11-01,Google Ads,Video,SaaS,Canada,34592,1615,0.04668709528214616,1.15,1857.25,116,16.010775862068964,4344.96,2.339458877372459,0.0718266253869969,2487.71,0.5725507254382088
2024-07-04,Meta Ads,Shopping,Fintech,USA,185798,5889,0.03169571254803604,0.9,5300.1,400,13.250250000000001,41326.63,7.797330239052092,0.06792324673119375,36026.53,0.871750975097655
2024-12-30,TikTok Ads,Video,EdTech,India,194407,13122,0.0674975695319613,0.85,11153.7,379,29.429287598944594,56289.95,5.046751302258443,0.028882792257277853,45136.25,0.8018527285954242
2024-11-13,Google Ads,Search,SaaS,UAE,188062,8143,0.04329955014835533,1.8,14657.4,614,23.871986970684038,124232.5,8.47575286203556,0.0754021859265627,109575.1,0.8820163805767413
2024-12-14,Meta Ads,Shopping,Healthcare,India,195710,4481,0.022896121812886413,0.53,2374.93,352,6.7469602272727265,27223.39,11.462817851473517,0.07855389422004017,24848.46,0.9127614158266109
2024-04-09,Google Ads,Display,Healthcare,Australia,198824,9046,0.04549752544964391,3.61,32656.06,407,80.23601965601966,71482.19,2.1889410418770665,0.04499226177315941,38826.130000000005,0.5431580929459492
2024-06-08,Meta Ads,Shopping,SaaS,USA,196962,5081,0.02579685421553396,2.06,10466.86,282,37.11652482269504,24196.95,2.3117678081105506,0.05550088565243062,13730.09,0.5674306059234738
2024-08-29,Google Ads,Shopping,SaaS,UAE,105386,3783,0.03589660865769647,1.82,6885.06,130,52.962,36776.35,5.341471243533099,0.03436426116838488,29891.289999999997,0.8127856625249651
2024-09-05,Google Ads,Search,Healthcare,UAE,49425,1996,0.04038442083965604,1.27,2534.92,98,25.866530612244897,9253.27,3.6503203256907515,0.04909819639278557,6718.35,0.7260514391128757
2024-12-26,Meta Ads,Video,E-commerce,Canada,191141,4453,0.02329693786262497,1.23,5477.19,72,76.07208333333332,8367.46,1.5276921194992321,0.01616887491578711,2890.2699999999995,0.3454178448418038
2024-05-23,TikTok Ads,Shopping,EdTech,Canada,91900,4696,0.051099020674646355,0.53,2488.88,367,6.781689373297003,109696.83,44.07477660634502,0.07815161839863714,107207.95,0.9773112860234885
2024-11-26,Google Ads,Video,Healthcare,Canada,11801,795,0.06736717227353614,2.97,2361.15,57,41.42368421052632,3966.25,1.6797958621857991,0.07169811320754717,1605.1,0.4046895682319571
2024-11-16,Meta Ads,Display,Fintech,UAE,193926,5837,0.030099109969782288,1.0,5837.0,193,30.243523316062177,28429.29,4.870531094740449,0.033064930615041975,22592.29,0.7946835816160024
2024-02-27,Google Ads,Display,EdTech,India,35355,961,0.027181445340121624,2.22,2133.42,68,31.373823529411766,6145.22,2.880454856521454,0.07075962539021852,4011.8,0.6528326081084159
2024-11-12,TikTok Ads,Shopping,Healthcare,UAE,133148,9120,0.06849520833959204,0.5,4560.0,279,16.344086021505376,83385.98,18.286399122807016,0.030592105263157896,78825.98,0.9453145480811043
2024-01-12,Meta Ads,Video,E-commerce,Canada,104657,4029,0.038497186045845,0.71,2860.59,204,14.0225,10401.62,3.6361799488916624,0.05063291139240506,7541.030000000001,0.7249861079331873
2024-05-24,TikTok Ads,Shopping,Fintech,India,174160,9683,0.05559830041341295,1.84,17816.72,512,34.79828125,73177.92,4.107261044681625,0.05287617473923371,55361.2,0.7565287452827301
2024-01-05,TikTok Ads,Display,Fintech,UAE,6015,410,0.06816292601828762,1.93,791.3,28,28.260714285714283,4383.32,5.539390875774043,0.06829268292682927,3592.0199999999995,0.8194747360448245
2024-01-06,Meta Ads,Search,Healthcare,Australia,17763,726,0.040871474413105895,1.94,1408.44,30,46.948,1946.19,1.381805401721053,0.04132231404958678,537.75,0.2763090962341806
2024-10-14,TikTok Ads,Search,EdTech,India,97193,6230,0.06409926640807466,1.6,9968.0,306,32.57516339869281,81609.12,8.187110754414125,0.04911717495987159,71641.12,0.8778567885550046
2024-03-06,Meta Ads,Shopping,Healthcare,UAE,58682,1748,0.029787669131931427,1.49,2604.52,84,31.006190476190476,12746.65,4.894049575353616,0.04805491990846682,10142.13,0.7956702349244703
2024-03-21,TikTok Ads,Display,SaaS,Canada,108196,5334,0.049299419571888055,0.99,5280.66,289,18.272179930795847,27408.56,5.190366355720687,0.05418072740907386,22127.9,0.8073353725989253
2024-01-08,Google Ads,Search,Fintech,India,63243,1707,0.026991129453062,2.24,3823.68,37,103.3427027027027,3893.12,1.0181605155243116,0.021675454012888107,69.44000000000005,0.017836593785960888
2024-08-20,Google Ads,Search,E-commerce,UAE,152979,4650,0.03039632890788932,0.79,3673.5,330,11.131818181818181,91949.73,25.030551245406286,0.07096774193548387,88276.23,0.9600488223293314
2024-01-08,Google Ads,Display,EdTech,USA,132600,6802,0.051297134238310706,1.53,10407.06,97,107.28927835051546,6779.29,0.651412598755076,0.014260511614231109,-3627.7699999999995,-0.5351253597353115
2024-09-30,Google Ads,Video,Fintech,Australia,110977,4150,0.03739513592906638,1.13,4689.5,197,23.804568527918782,18314.78,3.9054867256637165,0.047469879518072286,13625.279999999999,0.7439499682769872
2024-03-07,Google Ads,Search,EdTech,UK,87152,3599,0.04129566733982008,2.63,9465.37,127,74.53047244094489,25958.5,2.742470711657336,0.03528757988330092,16493.129999999997,0.6353652946048499
2024-08-16,Meta Ads,Shopping,Fintech,UAE,164096,1919,0.011694374024960999,0.66,1266.54,139,9.11179856115108,7181.17,5.669911728014907,0.07243355914538822,5914.63,0.8236304112004033
2024-08-10,Meta Ads,Shopping,Healthcare,Germany,21389,941,0.04399457665154986,0.8,752.8,46,16.36521739130435,8479.43,11.263854941551543,0.048884165781083955,7726.63,0.9112204476008411
2024-04-27,Google Ads,Shopping,Healthcare,India,69323,2169,0.03128831700878496,2.19,4750.11,94,50.53308510638298,16337.12,3.4393140369380926,0.04333794375288151,11587.010000000002,0.7092443466167845
2024-05-17,Google Ads,Display,SaaS,UAE,138291,3318,0.02399288456949476,0.83,2753.94,217,12.690967741935484,12761.51,4.633909961727562,0.06540084388185655,10007.57,0.7841995187089928
2024-11-29,TikTok Ads,Shopping,EdTech,UK,72444,2339,0.032287007895753964,1.39,3251.21,153,21.249738562091505,12919.22,3.9736651892679955,0.06541256947413425,9668.009999999998,0.7483431662283017
2024-12-04,Google Ads,Search,Healthcare,UAE,160002,7520,0.04699941250734366,2.96,22259.2,403,55.23374689826303,70823.58,3.1817666403105234,0.05359042553191489,48564.380000000005,0.6857091945931002
2024-08-12,Meta Ads,Search,E-commerce,USA,16246,448,0.027576018712298412,1.99,891.52,8,111.44,1955.09,2.1929850143575016,0.017857142857142856,1063.57,0.5440005319448209
2024-06-05,Meta Ads,Shopping,Fintech,Germany,15789,423,0.026790803724111724,1.81,765.63,7,109.37571428571428,1223.95,1.5986181314734271,0.016548463356973995,458.32000000000005,0.37445974100249196
2024-06-05,Google Ads,Search,EdTech,Australia,25103,710,0.028283472094968728,2.34,1661.4,24,69.22500000000001,1896.75,1.1416576381365113,0.03380281690140845,235.3499999999999,0.12408066429418738
2024-12-28,TikTok Ads,Display,SaaS,India,138515,4377,0.03159946576183085,0.51,2232.27,285,7.832526315789473,10321.59,4.623808947842331,0.06511309115832763,8089.32,0.7837280884049841
2024-02-20,Meta Ads,Search,EdTech,Australia,180399,6025,0.03339818956867832,0.7,4217.5,191,22.081151832460733,17456.79,4.13913218731476,0.03170124481327801,13239.29,0.7584034636379312
2024-05-16,Meta Ads,Video,E-commerce,UAE,62545,606,0.009689023902789992,1.96,1187.76,37,32.10162162162162,5627.66,4.738044722839631,0.06105610561056106,4439.9,0.7889424734258998
2024-06-30,Google Ads,Shopping,Fintech,Canada,72526,2146,0.029589388633041943,1.56,3347.76,168,19.927142857142858,25859.74,7.724490405524889,0.0782851817334576,22511.980000000003,0.870541621841519
2024-07-07,Meta Ads,Display,EdTech,Australia,67823,2075,0.03059434115270631,1.83,3797.25,26,146.04807692307693,4093.91,1.0781249588518007,0.01253012048192771,296.65999999999985,0.07246373271517935
2024-06-23,Meta Ads,Display,E-commerce,India,164937,4453,0.026998187186622773,1.08,4809.24,129,37.28093023255814,35127.5,7.304168642030758,0.02896923422411857,30318.260000000002,0.8630918795815246
2024-12-14,Meta Ads,Search,EdTech,UK,114575,2039,0.017796203360244383,0.53,1080.67,113,9.56345132743363,10656.96,9.861437811727908,0.055419323197645906,9576.289999999999,0.898594908867069
2024-06-13,Google Ads,Shopping,Fintech,Germany,132157,2999,0.022692706402233708,0.93,2789.07,152,18.349144736842106,21855.26,7.836038536142871,0.050683561187062354,19066.19,0.8723844969128713
2024-01-11,TikTok Ads,Video,Healthcare,Germany,108145,3882,0.03589625040454945,0.94,3649.08,98,37.235510204081635,28726.52,7.872263693862563,0.025244719216898505,25077.440000000002,0.8729717348290013
2024-04-29,TikTok Ads,Search,SaaS,India,72642,3014,0.041491148371465544,1.16,3496.24,59,59.25830508474576,15070.44,4.310470677070224,0.019575315195753153,11574.2,0.7680067735248606
2024-04-07,TikTok Ads,Display,Healthcare,UAE,131678,8374,0.06359452604079649,0.91,7620.34,505,15.089782178217822,29682.01,3.895103105635706,0.06030570814425603,22061.67,0.7432673865415449
2024-05-13,Google Ads,Video,E-commerce,Australia,34402,1314,0.0381954537526888,3.29,4323.06,17,254.29764705882354,1273.24,0.2945228611215204,0.01293759512937595,-3049.8200000000006,-2.3953221702114296
2024-10-08,Meta Ads,Video,Healthcare,Germany,58276,1183,0.020299951952776445,1.49,1762.67,89,19.805280898876404,20273.71,11.501704800104386,0.07523245984784446,18511.04,0.9130563670882144
2024-08-14,Google Ads,Shopping,EdTech,Canada,168059,3462,0.02059990836551449,3.08,10662.96,154,69.24,33243.77,3.117686833674702,0.04448295782784518,22580.809999999998,0.67924937514608
2024-08-16,Meta Ads,Video,Fintech,Canada,91123,1567,0.017196536549499028,2.33,3651.11,64,57.04859375,5119.1,1.402066768736083,0.0408423739629866,1467.9900000000002,0.2867672051727843
2024-05-28,Meta Ads,Shopping,Fintech,Australia,16344,452,0.027655408712677434,0.9,406.8,5,81.36,1102.53,2.710250737463127,0.011061946902654867,695.73,0.6310304481510708
2024-03-26,TikTok Ads,Video,SaaS,UAE,99457,5808,0.05839709623254271,1.6,9292.8,80,116.16,12231.1,1.316191029614325,0.013774104683195593,2938.300000000001,0.24023186794319407
2024-06-07,Meta Ads,Video,E-commerce,India,57375,843,0.01469281045751634,1.61,1357.23,40,33.93075,9739.81,7.17624131503135,0.04744958481613286,8382.58,0.86065128580537
2024-04-17,Google Ads,Display,E-commerce,UAE,115017,2771,0.024092090734413173,2.56,7093.76,95,74.67115789473685,22528.38,3.175802395344641,0.03428365211115121,15434.62,0.685118947745022
2024-09-28,Meta Ads,Search,EdTech,USA,90431,1853,0.020490760911634286,1.7,3150.1,57,55.26491228070175,14834.93,4.709352084060824,0.03076092822450081,11684.83,0.7876565646079894
2024-03-13,Meta Ads,Search,E-commerce,USA,140566,5046,0.03589772775777927,0.62,3128.52,384,8.1471875,59980.19,19.17206538554972,0.07609988109393578,56851.670000000006,0.9478407787637886
2024-02-28,Meta Ads,Search,EdTech,Germany,133583,3954,0.029599574796194128,0.65,2570.1,255,10.078823529411764,31756.12,12.355986148398895,0.06449165402124431,29186.02,0.919067568708016
2024-04-08,Google Ads,Video,E-commerce,USA,198555,13104,0.06599682707562136,2.46,32235.84,336,95.94,58794.32,1.823880500709769,0.02564102564102564,26558.48,0.45171846532113985
2024-09-23,Meta Ads,Display,Healthcare,UK,88560,1319,0.014893857271906053,0.52,685.88,81,8.467654320987654,8584.02,12.515337959993003,0.06141015921152388,7898.14,0.9200980426420255
2024-06-24,Google Ads,Display,Fintech,UAE,117217,5602,0.04779170256874003,3.49,19550.98,411,47.56929440389294,75729.26,3.873425270753691,0.07336665476615495,56178.28,0.7418305685279376
2024-08-24,Meta Ads,Shopping,Fintech,UAE,104616,4048,0.03869389003594097,1.77,7164.96,233,30.75090128755365,45906.84,6.407131372680377,0.05755928853754941,38741.88,0.8439239119921998
2024-02-14,TikTok Ads,Video,Healthcare,Canada,79553,2712,0.03409048056012973,0.31,840.72,170,4.945411764705883,16973.79,20.18958749643163,0.06268436578171091,16133.070000000002,0.9504695180039343
2024-08-20,Google Ads,Search,Fintech,USA,170904,4751,0.027799232317558396,1.12,5321.12,326,16.32245398773006,44297.15,8.324779369756744,0.0686171332351084,38976.03,0.8798766963563118
2024-07-14,Google Ads,Search,Healthcare,India,88807,4999,0.05629060772236423,2.37,11847.63,348,34.04491379310345,103474.34,8.733758566059203,0.06961392278455691,91626.70999999999,0.8855017582136788
2024-08-14,Meta Ads,Shopping,EdTech,Canada,157499,1574,0.009993714245804735,1.76,2770.24,45,61.56088888888888,13465.06,4.860611354972854,0.028589580686149935,10694.82,0.7942645632473974
2024-09-27,Meta Ads,Search,E-commerce,Australia,46846,983,0.02098364855056995,0.72,707.76,11,64.34181818181818,2501.87,3.5349129648468405,0.011190233977619531,1794.11,0.7171076035125726
2024-09-18,TikTok Ads,Search,Fintech,Germany,104986,6131,0.05839826262549292,0.36,2207.16,219,10.07835616438356,57679.5,26.132903822106236,0.03572011091175991,55472.34,0.9617340649624216
2024-05-24,Meta Ads,Shopping,EdTech,India,172516,6314,0.03659950381413898,0.72,4546.08,335,13.570388059701493,82096.8,18.058811107591595,0.053056699398162814,77550.72,0.9446253690765047
2024-08-23,Meta Ads,Display,E-commerce,India,187099,2469,0.013196222320803424,0.83,2049.27,103,19.895825242718445,3413.17,1.6655540753536626,0.04171729445119481,1363.9,0.39959919957107326
2024-04-04,Google Ads,Shopping,SaaS,India,111661,3930,0.03519581590707588,0.84,3301.2,310,10.649032258064516,21226.88,6.430049678904641,0.07888040712468193,17925.68,0.8444802062290832
2024-06-09,Meta Ads,Display,EdTech,Germany,79441,3082,0.038796087662542014,0.53,1633.46,100,16.334600000000002,29391.59,17.993455609564972,0.03244646333549643,27758.13,0.9444242383620621
2024-04-15,Google Ads,Display,SaaS,Australia,14078,763,0.05419803949424634,2.26,1724.38,57,30.252280701754387,16289.72,9.446711281736043,0.07470511140235911,14565.34,0.8941430546381399
2024-01-07,Meta Ads,Shopping,Fintech,Australia,182235,5047,0.02769500919142865,0.74,3734.78,260,14.364538461538462,53450.65,14.311592650704995,0.0515157519318407,49715.87,0.9301265747002141
2024-02-24,Meta Ads,Video,SaaS,Canada,128629,2109,0.016395991572662465,1.29,2720.61,168,16.194107142857142,49256.62,18.10499116007072,0.07965860597439545,46536.01,0.9447666120817871
2024-04-02,Meta Ads,Display,Fintech,Canada,21309,432,0.02027312403209911,1.66,717.12,15,47.808,4449.98,6.20534917447568,0.034722222222222224,3732.8599999999997,0.8388487139268042
2024-09-06,Google Ads,Search,Fintech,USA,167932,6717,0.039998332658456995,2.46,16523.82,247,66.89805668016194,38475.06,2.3284603681231095,0.03677236861694209,21951.239999999998,0.5705316638882434
2024-01-08,TikTok Ads,Search,Fintech,UK,162795,8107,0.04979882674529316,0.96,7782.72,575,13.535165217391304,86383.64,11.099415114510094,0.0709263599358579,78600.92,0.9099051625979179
2024-08-18,Meta Ads,Search,EdTech,UK,50893,1124,0.022085552040555675,1.41,1584.84,29,54.64965517241379,2707.5,1.7083743469372303,0.025800711743772242,1122.66,0.4146481994459834
2024-09-22,TikTok Ads,Display,SaaS,UAE,81619,3623,0.04438917408936645,0.47,1702.81,222,7.670315315315315,46448.44,27.277523622717744,0.061275186309688104,44745.630000000005,0.9633397806255711
2024-07-25,Meta Ads,Search,EdTech,Germany,154381,1698,0.0109987628011219,1.85,3141.3,70,44.87571428571429,19750.24,6.2872823353388725,0.04122497055359246,16608.940000000002,0.8409487682175002
2024-01-12,Google Ads,Search,Fintech,India,124273,3603,0.02899262108422586,1.55,5584.65,167,33.441017964071854,20460.25,3.663658420850009,0.04635026366916459,14875.6,0.7270487897264207
2024-12-01,Meta Ads,Video,Healthcare,Germany,6969,176,0.025254699382981777,1.08,190.08,10,19.008000000000003,2562.91,13.48332281144781,0.056818181818181816,2372.83,0.9258343055355046
2024-05-24,TikTok Ads,Display,SaaS,UK,29089,1076,0.036989927463989825,0.65,699.4,40,17.485,8233.32,11.771975979410923,0.03717472118959108,7533.92,0.9150524940121361
2024-07-10,Google Ads,Shopping,SaaS,UK,10704,489,0.04568385650224215,1.71,836.19,36,23.227500000000003,5339.04,6.384960355899975,0.0736196319018405,4502.85,0.8433819563067518
2024-12-04,TikTok Ads,Search,E-commerce,Australia,22772,1045,0.045889689091867206,0.95,992.75,38,26.125,5743.6,5.785545202719718,0.03636363636363636,4750.85,0.8271554425795669
2024-04-11,Google Ads,Search,Fintech,Germany,68449,3285,0.04799193560168885,2.38,7818.3,243,32.17407407407408,60681.21,7.7614327922949995,0.07397260273972603,52862.909999999996,0.8711578098063634
2024-10-26,Google Ads,Search,SaaS,UAE,51819,2497,0.04818695845153322,2.88,7191.36,138,52.111304347826085,37600.62,5.228582632492325,0.0552663195835002,30409.260000000002,0.8087435792282148
2024-11-19,Google Ads,Video,Fintech,Australia,173722,3821,0.021994911410184087,1.54,5884.34,201,29.27532338308458,44895.5,7.62965770162839,0.052604030358544884,39011.16,0.8689325210767227
2024-12-15,Google Ads,Shopping,SaaS,USA,119014,5938,0.049893289865057894,2.88,17101.44,95,180.01515789473683,23773.95,1.3901724065341867,0.015998652745031997,6672.510000000002,0.2806647612197385
2024-05-20,Google Ads,Search,SaaS,Australia,159741,6868,0.04299459750471075,1.37,9409.16,336,28.003452380952382,33272.11,3.5361403143319916,0.0489225393127548,23862.95,0.7172057918779422
2024-02-29,Google Ads,Shopping,Fintech,Germany,167982,7693,0.04579657344239264,2.64,20309.52,193,105.23067357512953,10777.69,0.5306718228692752,0.02508774210321071,-9531.83,-0.8844038008144602
2024-06-08,Google Ads,Video,Fintech,Germany,96658,2822,0.029195720995675474,3.37,9510.14,112,84.91196428571428,25060.16,2.6350989575337485,0.039688164422395464,15550.02,0.6205076104861262
2024-01-19,Meta Ads,Video,EdTech,India,43467,991,0.02279890491637334,1.9,1882.9,25,75.316,3146.23,1.6709490679271337,0.025227043390514632,1263.33,0.4015377133903116
2024-01-05,Google Ads,Search,EdTech,UK,41378,2023,0.04889071487263763,1.23,2488.29,73,34.086164383561645,9343.63,3.755040610218262,0.03608502224419179,6855.339999999999,0.7336912955671404
2024-10-26,TikTok Ads,Video,EdTech,India,100673,5718,0.05679775113486238,1.05,6003.9,196,30.632142857142856,41067.13,6.840075617515282,0.03427771948233648,35063.229999999996,0.8538027858289585
2024-12-13,TikTok Ads,Shopping,Healthcare,Australia,191994,14898,0.07759617488046501,1.08,16089.84,936,17.19,60355.75,3.751171546764915,0.06282722513089005,44265.91,0.7334166173065533
2024-05-21,TikTok Ads,Display,EdTech,UK,152235,6104,0.040095904358393275,0.73,4455.92,252,17.682222222222222,48424.44,10.867439271800212,0.04128440366972477,43968.520000000004,0.9079820024764355
2024-12-07,Meta Ads,Video,Fintech,Australia,66929,1539,0.022994516577268448,1.21,1862.19,38,49.005,9540.22,5.12311847878036,0.024691358024691357,7678.029999999999,0.804806388112643
2024-05-09,Google Ads,Video,SaaS,Canada,188202,7189,0.03819831882764264,1.15,8267.35,376,21.987632978723404,88923.49,10.755984686749684,0.05230212825149534,80656.14,0.907028502817422
2024-01-25,Google Ads,Video,Fintech,USA,184316,4091,0.022195577160962696,1.04,4254.64,309,13.76906148867314,82363.46,19.358502717033637,0.0755316548521144,78108.82,0.9483431123461787
2024-09-10,Google Ads,Video,Healthcare,Canada,65545,3355,0.05118620794873751,1.77,5938.35,196,30.297704081632656,57936.29,9.75629425682218,0.058420268256333834,51997.94,0.8975020664940748
2024-06-04,Google Ads,Video,Healthcare,USA,33141,798,0.024078935457590295,3.29,2625.42,42,62.510000000000005,7236.65,2.756378027134706,0.05263157894736842,4611.23,0.6372050603525111
2024-07-09,Meta Ads,Video,Healthcare,Germany,76229,1562,0.02049088929410067,1.01,1577.62,30,52.587333333333326,4290.5,2.7196029462101143,0.019206145966709345,2712.88,0.6322992658198345
2024-11-09,TikTok Ads,Search,SaaS,Australia,141614,10677,0.07539508805626563,0.35,3736.95,305,12.252295081967212,62355.52,16.686206665863875,0.028566076613280884,58618.57,0.9400702616223873
2024-07-14,Meta Ads,Shopping,Healthcare,UK,161193,4916,0.03049760225319958,1.37,6734.92,377,17.86450928381963,91408.9,13.572380963693703,0.07668836452400325,84673.98,0.9263209599940487
2024-02-17,Google Ads,Search,SaaS,Germany,142244,4935,0.03469390624560614,2.98,14706.3,127,115.79763779527559,34307.21,2.3328240277976104,0.025734549138804456,19600.91,0.5713350050907666
2024-03-27,Meta Ads,Search,Fintech,UAE,178063,1851,0.010395197205483453,0.45,832.95,64,13.01484375,7044.13,8.456846149228644,0.03457590491626148,6211.18,0.8817526082000191
2024-01-28,Google Ads,Video,Fintech,Australia,193978,5780,0.029797193496169667,1.73,9999.4,177,56.49378531073446,42071.17,4.20736944216653,0.030622837370242215,32071.769999999997,0.7623217989896643
2024-02-18,Meta Ads,Display,SaaS,Canada,187051,6284,0.033595115770565245,2.01,12630.84,493,25.620365111561867,94906.46,7.513867644590542,0.07845321451304901,82275.62000000001,0.8669127475621786
2024-01-11,Meta Ads,Video,EdTech,UK,152977,5491,0.03589428476176157,1.35,7412.85,147,50.42755102040817,9232.39,1.2454575500650895,0.026771079949007466,1819.539999999999,0.1970822289786284
2024-05-01,Google Ads,Display,E-commerce,UAE,129447,4310,0.033295480003399075,2.7,11637.0,211,55.15165876777251,16618.47,1.4280716679556589,0.048955916473317866,4981.470000000001,0.299755031600382
2024-01-22,Google Ads,Shopping,Fintech,USA,28387,672,0.023672807975481734,3.32,2231.04,41,54.41560975609756,7232.57,3.2417930651176134,0.06101190476190476,5001.53,0.69152873736445
2024-04-27,Meta Ads,Shopping,Fintech,Australia,88986,1308,0.014698941406513384,0.75,981.0,80,12.2625,21439.34,21.854576962283385,0.06116207951070336,20458.34,0.9542429944205372
2024-01-10,Google Ads,Video,SaaS,UK,170268,7917,0.0464972866304884,3.14,24859.38,98,253.66714285714286,22672.12,0.9120147002861696,0.01237842617152962,-2187.260000000002,-0.09647355430369997
2024-01-20,Google Ads,Display,Healthcare,USA,122322,6152,0.05029348768005755,1.23,7566.96,155,48.81909677419355,10417.89,1.3767602841828157,0.025195058517555265,2850.9299999999994,0.2736571417052781
2024-02-07,Meta Ads,Display,Healthcare,UK,69429,2430,0.034999783951950914,1.59,3863.7,119,32.46806722689075,21584.01,5.586357636462458,0.04897119341563786,17720.309999999998,0.8209924847143788
2024-06-07,Meta Ads,Display,SaaS,Canada,196675,4031,0.02049574170585992,1.97,7941.07,186,42.6939247311828,27686.79,3.4865314120137465,0.04614239642768544,19745.72,0.7131819904004763
2024-05-25,Google Ads,Video,E-commerce,Australia,104134,3603,0.03459965045038124,3.46,12466.38,234,53.275128205128205,14496.48,1.162845990576254,0.0649458784346378,2030.1000000000004,0.14004089268567269
2024-12-24,Meta Ads,Display,EdTech,Canada,150544,2890,0.019197045382080988,1.7,4913.0,170,28.9,47769.42,9.723065336861389,0.058823529411764705,42856.42,0.8971517761781491
2024-10-28,TikTok Ads,Video,SaaS,Canada,75553,3331,0.04408825592630339,0.44,1465.64,203,7.219901477832513,33301.04,22.72115935700445,0.06094265986190333,31835.4,0.9559881613306972
2024-10-23,Meta Ads,Search,EdTech,India,149565,2437,0.016293919031859058,0.37,901.69,30,30.056333333333335,3133.33,3.4749525890272706,0.012310217480508822,2231.64,0.7122262896024357
2024-04-15,Google Ads,Display,SaaS,India,12896,535,0.04148573200992556,0.98,524.3,20,26.214999999999996,2475.65,4.721819568949075,0.037383177570093455,1951.3500000000001,0.7882172358774463
2024-05-22,TikTok Ads,Display,Fintech,Germany,70428,3310,0.0469983529278128,1.17,3872.7,164,23.6140243902439,25462.93,6.574981279210887,0.04954682779456193,21590.23,0.8479083122013059
2024-06-09,TikTok Ads,Shopping,EdTech,USA,12345,456,0.036938031591737544,0.62,282.72,21,13.462857142857144,5118.94,18.106041312959817,0.046052631578947366,4836.219999999999,0.9447698156258912
2024-11-25,Meta Ads,Display,SaaS,USA,18140,455,0.025082690187431093,1.15,523.25,29,18.04310344827586,1746.46,3.337716196846632,0.06373626373626373,1223.21,0.7003939397409618
2024-02-18,Google Ads,Video,Fintech,Australia,42823,1588,0.03708287602456624,2.97,4716.36,33,142.92,3266.45,0.6925785987498834,0.020780856423173802,-1449.9099999999999,-0.4438794409833305
2024-01-26,TikTok Ads,Shopping,SaaS,Germany,34118,1470,0.043085761181780875,0.85,1249.5,55,22.71818181818182,3037.11,2.4306602641056423,0.03741496598639456,1787.6100000000001,0.5885891521874413
2024-01-08,Meta Ads,Video,EdTech,UK,127775,3871,0.030295441205243592,0.76,2941.96,159,18.502893081761005,28717.22,9.761254401827353,0.04107465771118574,25775.260000000002,0.8975541504365674
2024-09-15,Google Ads,Shopping,Fintech,UAE,136354,3736,0.02739926954838142,1.16,4333.76,152,28.511578947368424,29811.83,6.878975762386473,0.04068522483940043,25478.07,0.8546295212336847
2024-10-28,Google Ads,Shopping,E-commerce,Germany,115454,7227,0.06259635872295459,2.46,17778.42,154,115.4442857142857,5144.22,0.28935192216181194,0.0213089802130898,-12634.199999999997,-2.4559991602225404
2024-06-02,Meta Ads,Search,EdTech,USA,37994,1379,0.03629520450597463,1.06,1461.74,58,25.20241379310345,7343.12,5.023547279269911,0.04205946337926034,5881.38,0.8009374761681683
2024-10-12,Meta Ads,Video,EdTech,Germany,74615,2327,0.031186758694632447,1.1,2559.7,129,19.842635658914727,25496.94,9.960909481579872,0.05543618392780404,22937.239999999998,0.8996075607504272
2024-12-15,Google Ads,Search,EdTech,Canada,176790,4490,0.025397364104304543,1.49,6690.1,250,26.7604,74442.63,11.127282103406527,0.0556792873051225,67752.53,0.9101307946804136
2024-10-29,Google Ads,Shopping,Fintech,Germany,60077,1994,0.03319073855219135,3.11,6201.34,28,221.47642857142858,7635.29,1.2312322820551687,0.014042126379137413,1433.9499999999998,0.18780557123567013
2024-03-31,Meta Ads,Display,Fintech,Canada,151295,2163,0.014296572920453419,1.58,3417.54,85,40.20635294117647,3173.67,0.9286416545234292,0.039297272306981046,-243.8699999999999,-0.0768416375993723
2024-04-19,TikTok Ads,Display,E-commerce,Canada,20282,1740,0.08579035598067251,1.25,2175.0,94,23.138297872340427,14237.0,6.5457471264367815,0.054022988505747126,12062.0,0.8472290510641287
2024-10-12,Google Ads,Search,Healthcare,Germany,185488,3950,0.02129517812473044,1.39,5490.5,289,18.998269896193772,75172.15,13.691312266642381,0.07316455696202531,69681.65,0.9269609822254652
2024-09-11,Meta Ads,Display,E-commerce,Australia,28567,999,0.03497042041516435,1.69,1688.31,68,24.828088235294118,13037.25,7.722071183609645,0.06806806806806807,11348.94,0.8705010642581833
2024-11-19,Google Ads,Search,E-commerce,UAE,96170,5145,0.05349901216595612,2.12,10907.4,268,40.69925373134328,72622.99,6.658139428278051,0.05208940719144801,61715.590000000004,0.8498078914128983
2024-02-07,Meta Ads,Shopping,Healthcare,Canada,101019,2515,0.02489630663538542,1.69,4250.35,72,59.0326388888889,11353.12,2.671102379804016,0.028628230616302187,7102.77,0.6256227363050861
2024-03-01,TikTok Ads,Shopping,E-commerce,UK,91795,3800,0.041396590228225935,1.22,4636.0,157,29.528662420382165,24815.09,5.352694132873166,0.04131578947368421,20179.09,0.8131781911731935
2024-07-08,Meta Ads,Search,E-commerce,India,22543,333,0.014771769507164086,1.49,496.17,12,41.347500000000004,642.18,1.2942741399117237,0.036036036036036036,146.00999999999993,0.2273661590208352
2024-02-28,Meta Ads,Shopping,Healthcare,Canada,119598,1064,0.008896469840632786,2.0,2128.0,64,33.25,17165.43,8.066461466165414,0.06015037593984962,15037.43,0.8760299042901926
2024-08-27,Meta Ads,Search,EdTech,UAE,158504,4897,0.030895119366072782,0.43,2105.71,255,8.257686274509805,54921.72,26.08228103585014,0.05207269756994078,52816.01,0.9616597950683263
2024-03-22,Google Ads,Display,E-commerce,Australia,39542,1209,0.03057508472004451,1.85,2236.65,42,53.25357142857143,7992.11,3.573250173250173,0.034739454094292806,5755.459999999999,0.7201427407780923
2024-07-19,Google Ads,Display,Fintech,India,110848,3181,0.02869695438799076,2.45,7793.45,186,41.9002688172043,32321.78,4.147300617826508,0.0584721785602012,24528.329999999998,0.7588793067708524
2024-12-22,Meta Ads,Video,Healthcare,Australia,79964,1487,0.0185958681406633,1.07,1591.09,22,72.32227272727272,3882.65,2.4402453663840515,0.014794889038332213,2291.5600000000004,0.5902051433943313
2024-12-19,TikTok Ads,Display,EdTech,Germany,105127,7747,0.07369182036964814,0.88,6817.36,460,14.820347826086955,99299.9,14.565740990647406,0.059377823673680136,92482.54,0.9313457516070006
2024-01-07,Google Ads,Shopping,EdTech,UAE,73803,1505,0.02039212498136932,2.12,3190.6,98,32.55714285714286,18709.86,5.864056917194259,0.06511627906976744,15519.26,0.8294695951760195
2024-06-24,Google Ads,Shopping,Healthcare,UK,96575,4925,0.0509966347398395,2.4,11820.0,181,65.30386740331491,7335.74,0.6206209813874788,0.036751269035532996,-4484.26,-0.6112893859378877
2024-02-20,Google Ads,Shopping,Fintech,UK,162489,4500,0.027694182375422337,3.03,13635.0,184,74.10326086956522,54944.54,4.029669233590026,0.04088888888888889,41309.54,0.751840674250799
2024-05-05,Meta Ads,Search,Healthcare,Canada,76155,3548,0.04658919309303394,1.25,4435.0,243,18.25102880658436,30659.34,6.913041713641488,0.06848928974069898,26224.34,0.8553458750253593
2024-12-06,TikTok Ads,Search,Fintech,UK,180021,13105,0.07279706256492298,1.61,21099.05,880,23.976193181818182,75656.62,3.5857832461651116,0.06714994276993513,54557.56999999999,0.7211209012509414
2024-04-13,TikTok Ads,Video,EdTech,UK,79965,3070,0.03839179641092978,1.02,3131.4,237,13.212658227848102,65306.0,20.85520853292457,0.0771986970684039,62174.6,0.9520503475944018
2024-05-28,Meta Ads,Search,EdTech,India,49789,622,0.012492719275341943,2.08,1293.76,48,26.953333333333333,7704.96,5.95547860499629,0.07717041800643087,6411.2,0.8320873826729794
2024-04-11,TikTok Ads,Video,SaaS,Germany,195026,9653,0.04949596464061202,1.83,17664.99,371,47.6145283018868,94022.57,5.322537403078066,0.03843364757070341,76357.58,0.8121196857307772
2024-02-17,TikTok Ads,Shopping,Healthcare,Canada,130438,7721,0.05919287324246002,1.6,12353.6,353,34.996033994334276,70310.53,5.691501262789794,0.04571946639036394,57956.93,0.8242994328161087
2024-12-14,TikTok Ads,Shopping,SaaS,India,141917,4796,0.033794400952669515,0.66,3165.36,369,8.578211382113821,11953.05,3.7762055500796112,0.07693911592994161,8787.689999999999,0.7351839070362793
2024-11-22,TikTok Ads,Shopping,SaaS,USA,146958,7494,0.050994161597191036,1.68,12589.92,538,23.401338289962826,117826.98,9.358834686797056,0.0717907659460902,105237.06,0.8931490903017288
2024-09-16,Google Ads,Video,E-commerce,UK,13605,300,0.022050716648291068,2.08,624.0,21,29.714285714285715,4495.51,7.204342948717949,0.07,3871.51,0.8611948366258778
2024-05-23,Google Ads,Display,SaaS,Germany,116041,6428,0.05539421411397696,1.75,11249.0,74,152.01351351351352,13873.48,1.2333078495866299,0.011512134411947728,2624.4799999999996,0.18917243546680426
2024-09-25,TikTok Ads,Search,E-commerce,India,170396,10138,0.059496701800511746,1.08,10949.04,494,22.164048582995953,99795.18,9.11451414918568,0.048727559676464784,88846.13999999998,0.8902848814942765
2024-02-22,Meta Ads,Display,EdTech,India,19743,619,0.03135288456668186,1.25,773.75,41,18.871951219512194,9219.46,11.91529563812601,0.06623586429725363,8445.71,0.9160742603145954
2024-08-28,Google Ads,Search,E-commerce,Australia,94081,5588,0.059395627172330226,2.69,15031.72,88,170.815,24757.88,1.6470423876974825,0.015748031496062992,9726.160000000002,0.39285108418006714
2024-06-10,TikTok Ads,Video,Fintech,USA,141643,8526,0.06019358528130582,0.46,3921.96,379,10.348179419525065,51038.1,13.013416761007251,0.044452263664086326,47116.14,0.9231562303455654
2024-01-23,Meta Ads,Shopping,SaaS,Australia,90716,3002,0.03309228801975396,1.47,4412.94,194,22.747113402061853,39560.54,8.964667545899108,0.06462358427714857,35147.6,0.8884509665439349
2024-12-20,Google Ads,Search,EdTech,USA,72055,1678,0.02328776628963986,3.17,5319.26,41,129.73804878048782,8506.9,1.599263807371702,0.02443384982121573,3187.6399999999994,0.37471229237442544
2024-04-18,Meta Ads,Shopping,E-commerce,Germany,112692,2096,0.0185993681894012,2.27,4757.92,89,53.459775280898874,16587.58,3.486309143491274,0.042461832061068704,11829.660000000002,0.7131637044101672
2024-11-08,Google Ads,Video,Fintech,UAE,31672,877,0.027690073250820915,0.72,631.44,16,39.465,2266.94,3.590111491194729,0.018244013683010263,1635.5,0.7214571184063098
2024-06-30,Meta Ads,Video,E-commerce,Germany,59131,1425,0.024099034347465798,1.04,1482.0,66,22.454545454545453,19372.57,13.071909581646423,0.04631578947368421,17890.57,0.9235000828491006
2024-06-23,Google Ads,Search,SaaS,Canada,119397,3868,0.03239612385570827,1.8,6962.4,193,36.074611398963725,35393.3,5.0834913248305185,0.049896587383660804,28430.9,0.8032848024908669
2024-11-02,Meta Ads,Search,EdTech,Australia,157008,5024,0.031998369509833896,0.72,3617.28,379,9.544274406332454,73104.85,20.209895280431706,0.07543789808917198,69487.57,0.9505192883919467
2024-01-04,Meta Ads,Shopping,EdTech,UK,117217,2133,0.018197019203699122,1.29,2751.57,129,21.330000000000002,25455.36,9.251212943882946,0.06047819971870605,22703.79,0.8919060661487404
2024-10-27,TikTok Ads,Search,SaaS,Canada,111956,5911,0.052797527600128624,1.57,9280.27,253,36.68090909090909,68395.54,7.369994623001269,0.042801556420233464,59115.26999999999,0.8643146906947441
2024-01-05,Meta Ads,Display,SaaS,USA,10939,113,0.010330011884084469,1.18,133.34,6,22.223333333333333,1684.43,12.632593370331483,0.05309734513274336,1551.0900000000001,0.9208396905778217
2024-08-10,TikTok Ads,Display,SaaS,India,72293,4532,0.06268933368375915,1.81,8202.92,169,48.537988165680474,35145.36,4.2844938143978,0.03729037952338923,26942.440000000002,0.7666001998556852
2024-02-17,Google Ads,Shopping,Fintech,Germany,78402,4531,0.05779189306395245,2.75,12460.25,105,118.66904761904762,25620.07,2.0561441383599846,0.023173692341646436,13159.82,0.5136527730017911
2024-10-25,TikTok Ads,Display,E-commerce,Canada,160892,9122,0.056696417472590306,0.64,5838.08,590,9.895050847457627,170654.73,29.231310636373603,0.06467879850909888,164816.65000000002,0.9657901073119978
2024-03-14,TikTok Ads,Search,EdTech,USA,154092,8860,0.05749811800742414,1.17,10366.2,246,42.139024390243904,23706.53,2.286906484536281,0.02776523702031603,13340.329999999998,0.5627280753446413
2024-01-10,Meta Ads,Shopping,Healthcare,UAE,73323,1928,0.026294614241097608,1.71,3296.88,121,27.246942148760333,33634.99,10.202066802552716,0.06275933609958506,30338.109999999997,0.9019806457501548
2024-01-17,TikTok Ads,Video,SaaS,India,58521,3318,0.05669759573486441,1.85,6138.3,39,157.3923076923077,10013.26,1.6312757603896844,0.011754068716094032,3874.96,0.3869828607266764
2024-10-04,TikTok Ads,Search,SaaS,USA,48361,2713,0.05609892268563512,0.87,2360.31,54,43.70944444444444,7890.9,3.343162550681902,0.019904165130851456,5530.59,0.7008820286659317
2024-05-11,TikTok Ads,Display,Healthcare,UAE,179870,7500,0.04169678100850614,1.44,10800.0,112,96.42857142857143,5446.79,0.5043324074074074,0.014933333333333333,-5353.21,-0.9828192384872558
2024-10-06,TikTok Ads,Search,E-commerce,Canada,114850,8234,0.07169351327818894,1.63,13421.42,245,54.78130612244898,35478.84,2.643449053825899,0.029754675734758318,22057.42,0.6217063466562041
2024-06-17,Google Ads,Display,Healthcare,India,54976,2611,0.047493451688009315,1.32,3446.52,187,18.430588235294117,8230.48,2.388055197706672,0.07162006893910379,4783.959999999999,0.5812492102526219
2024-08-26,Google Ads,Shopping,Fintech,Australia,162636,9237,0.056795543422120565,1.41,13024.17,738,17.647926829268293,102989.98,7.907604093005542,0.07989607015264696,89965.81,0.8735394452936102
2024-05-28,Google Ads,Display,Healthcare,India,23375,1175,0.05026737967914439,1.42,1668.5,15,111.23333333333333,1524.57,0.9137368894216361,0.01276595744680851,-143.93000000000006,-0.09440694753274699
2024-12-22,Meta Ads,Shopping,E-commerce,Canada,167917,6246,0.03719694849240994,0.6,3747.6,413,9.07409200968523,25997.62,6.937138435265236,0.06612231828370158,22250.02,0.8558483430406323
2024-09-07,Google Ads,Search,E-commerce,USA,71216,2357,0.033096495169624804,3.17,7471.69,179,41.74128491620112,29354.19,3.928721614520945,0.0759439966058549,21882.5,0.7454642761391134
2024-12-04,Google Ads,Video,EdTech,Germany,29618,1883,0.06357620365993652,2.17,4086.11,90,45.40122222222222,26198.96,6.411711872661284,0.04779607010090282,22112.85,0.8440354120926937
2024-12-01,Google Ads,Search,Healthcare,Canada,136461,3984,0.029195154659573064,1.49,5936.16,214,27.739065420560745,24710.24,4.162664079135333,0.053714859437751006,18774.08,0.7597692292749888
2024-07-24,TikTok Ads,Search,Healthcare,Australia,132426,7309,0.05519308897044387,0.32,2338.88,171,13.67766081871345,24136.13,10.319524729785197,0.023395813380763443,21797.25,0.9030963124577138
2024-11-29,TikTok Ads,Search,E-commerce,Germany,159692,6882,0.04309545875810936,0.37,2546.34,523,4.868718929254302,106309.31,41.749848802595096,0.07599535018889858,103762.97,0.976047817448914
2024-09-04,Meta Ads,Video,Fintech,India,27931,608,0.02176792810855322,1.52,924.16,10,92.416,1389.72,1.5037655817174516,0.01644736842105263,465.56000000000006,0.33500273436375677
2024-08-06,Meta Ads,Display,EdTech,USA,131155,4052,0.030894742861499753,1.24,5024.48,209,24.040574162679423,15982.2,3.1808664777250586,0.05157946692991115,10957.720000000001,0.6856202525309407
2024-05-27,TikTok Ads,Shopping,Fintech,USA,66842,2339,0.03499296849286377,1.4,3274.6,123,26.622764227642275,14081.65,4.3002656813045865,0.05258657545959812,10807.05,0.7674562284959504
2024-03-05,Google Ads,Shopping,SaaS,UAE,7642,202,0.026432870976184245,3.38,682.76,11,62.06909090909091,1542.21,2.2587878610346244,0.054455445544554455,859.45,0.5572846758872009
2024-06-12,Google Ads,Shopping,E-commerce,USA,70618,3601,0.050992664759692996,2.23,8030.23,145,55.380896551724135,7976.29,0.9932828823084769,0.04026659261316301,-53.9399999999996,-0.00676254248529073
2024-09-27,Meta Ads,Video,E-commerce,Germany,74212,1528,0.02058966204926427,1.46,2230.88,85,26.24564705882353,21331.58,9.56195761313921,0.055628272251308904,19100.7,0.8954189047412334
2024-03-09,Google Ads,Shopping,E-commerce,USA,10039,501,0.04990536906066341,2.29,1147.29,36,31.869166666666665,4805.52,4.188583531626703,0.0718562874251497,3658.2300000000005,0.7612558058233032
2024-12-23,Meta Ads,Video,Healthcare,India,102088,4481,0.043893503643915054,0.73,3271.13,316,10.351677215189873,87569.74,26.770486039992296,0.07051997322026334,84298.61,0.9626454298025778
2024-09-14,TikTok Ads,Display,Fintech,UAE,25025,1256,0.05018981018981019,0.43,540.08,38,14.21263157894737,5694.61,10.544011998222484,0.030254777070063694,5154.53,0.9051594402426154
2024-11-05,Google Ads,Shopping,Healthcare,Canada,36707,943,0.02568992290298853,1.31,1235.33,21,58.82523809523809,4396.12,3.5586604389110605,0.022269353128313893,3160.79,0.7189953868411235
2024-10-17,TikTok Ads,Search,EdTech,Canada,17356,925,0.053295690251209955,0.46,425.5,62,6.862903225806452,5476.85,12.871562867215042,0.06702702702702702,5051.35,0.9223093566557419
2024-06-25,TikTok Ads,Search,EdTech,India,86257,4597,0.053294225396199726,0.83,3815.51,301,12.676112956810632,80903.28,21.203791891516467,0.06547748531651076,77087.77,0.9528386240953396
2024-11-08,Google Ads,Shopping,Fintech,India,32518,1258,0.03868626606802386,2.41,3031.78,12,252.64833333333334,2688.72,0.8868453515756419,0.009538950715421303,-343.0600000000004,-0.12759231158320702
2024-07-27,Meta Ads,Display,E-commerce,India,75269,2604,0.034595915981346904,0.83,2161.32,70,30.876,3191.14,1.4764773379231209,0.026881720430107527,1029.8199999999997,0.3227122595686807
2024-05-16,Google Ads,Video,EdTech,Canada,20534,993,0.04835881951884679,2.87,2849.91,49,58.161428571428566,1762.93,0.6185914642918549,0.04934541792547835,-1086.9799999999998,-0.616575814127617
2024-11-15,TikTok Ads,Shopping,E-commerce,UAE,98500,5614,0.05699492385786802,0.61,3424.54,220,15.566090909090908,7676.57,2.2416353729259986,0.03918774492340577,4252.03,0.5538971181139494
2024-07-25,TikTok Ads,Search,Fintech,UAE,41468,3354,0.08088164367705218,1.11,3722.94,81,45.96222222222222,5215.94,1.4010271452131915,0.024150268336314847,1492.9999999999995,0.28623795519120226
2024-05-26,Google Ads,Video,Healthcare,Canada,123696,6531,0.052798797050834304,2.58,16849.98,466,36.158755364806865,62974.93,3.7373890058029744,0.07135201347419996,46124.95,0.7324335255315091
2024-11-08,Meta Ads,Shopping,EdTech,Germany,81848,1694,0.020696901573648716,1.29,2185.26,58,37.67689655172414,7573.87,3.4658896424224115,0.03423848878394333,5388.61,0.7114737908097181
2024-02-29,Google Ads,Display,EdTech,Canada,92923,1932,0.020791407939907237,3.17,6124.44,32,191.38875,1855.78,0.30301219376792005,0.016563146997929608,-4268.66,-2.3001972216534288
2024-11-09,Google Ads,Shopping,E-commerce,UK,170732,7700,0.045099922685846824,0.81,6237.0,434,14.370967741935484,53677.08,8.606233766233766,0.056363636363636366,47440.08,0.8838051548258586
2024-10-03,Google Ads,Display,E-commerce,Australia,86471,4859,0.0561922494246626,1.57,7628.63,248,30.76060483870968,19852.56,2.6023755248321128,0.051039308499691294,12223.93,0.6157357036069907
2024-10-26,Meta Ads,Display,EdTech,UK,115986,1357,0.01169968789336644,1.48,2008.36,79,25.422278481012658,8002.44,3.9845645203051245,0.05821665438467207,5994.08,0.7490315453786596
2024-06-21,TikTok Ads,Display,Healthcare,USA,42019,2979,0.07089649920274162,1.51,4498.29,234,19.22346153846154,56724.23,12.610176311442794,0.07854984894259819,52225.94,0.9206989676193048
2024-01-28,TikTok Ads,Shopping,EdTech,USA,34063,1243,0.036491207468514225,0.38,472.34,40,11.808499999999999,10897.53,23.07136808231359,0.032180209171359615,10425.19,0.9566562331097047
2024-04-13,TikTok Ads,Shopping,Healthcare,Australia,107476,4707,0.04379582418400387,1.7,8001.9,293,27.31023890784983,72605.27,9.073503792849198,0.06224771616741024,64603.37,0.8897889919010011
2024-12-16,TikTok Ads,Search,Fintech,Canada,33302,3007,0.09029487718455348,0.28,841.96,95,8.862736842105264,3253.81,3.8645660126371797,0.03159294978383771,2411.85,0.7412387324398166
2024-12-21,Google Ads,Shopping,SaaS,USA,70206,3945,0.05619177848047176,3.6,14202.0,248,57.266129032258064,37055.99,2.609209266300521,0.06286438529784537,22853.989999999998,0.6167421245526027
2024-02-17,Meta Ads,Video,E-commerce,Germany,16094,616,0.03827513359015782,2.29,1410.64,40,35.266000000000005,8923.08,6.32555435830545,0.06493506493506493,7512.44,0.8419110889961762
2024-06-03,Meta Ads,Video,Fintech,UAE,182718,2558,0.013999715408443613,1.36,3478.88,124,28.05548387096774,28756.15,8.265921790921217,0.04847537138389367,25277.27,0.8790213571705531
2024-08-01,TikTok Ads,Search,EdTech,India,66169,2057,0.031087064939775425,1.49,3064.93,136,22.53625,39364.99,12.843683216256162,0.06611570247933884,36300.06,0.922140714375896
2024-01-13,Meta Ads,Shopping,SaaS,India,24404,710,0.02909359121455499,0.61,433.1,10,43.31,923.15,2.131493881320711,0.014084507042253521,490.04999999999995,0.5308454747332503
2024-05-23,TikTok Ads,Shopping,EdTech,Australia,30517,2575,0.084379198479536,0.8,2060.0,205,10.048780487804878,7811.94,3.7922038834951453,0.07961165048543689,5751.94,0.7363010980627092
2024-04-04,TikTok Ads,Video,E-commerce,Australia,145148,5762,0.03969741229641469,1.49,8585.38,213,40.30694835680751,10475.22,1.2201230463881623,0.03696633113502256,1889.8400000000001,0.18041053075734928
2024-02-19,Google Ads,Display,Fintech,Germany,37101,2166,0.05838117570954961,2.95,6389.7,45,141.99333333333334,3868.37,0.6054071396153184,0.02077562326869806,-2521.33,-0.6517809826877987
2024-02-08,Meta Ads,Search,EdTech,UK,151480,2514,0.016596250330076577,2.06,5178.84,72,71.92833333333334,4076.45,0.787135729236663,0.028639618138424822,-1102.3900000000003,-0.2704289271302237
2024-04-05,TikTok Ads,Video,EdTech,India,159813,7575,0.047399147753937415,0.9,6817.5,319,21.371473354231973,35965.7,5.275496883021635,0.04211221122112211,29148.199999999997,0.8104443956325054
2024-09-21,TikTok Ads,Display,Healthcare,UK,135956,11529,0.08479949395392627,0.5,5764.5,732,7.875,207824.45,36.05246769017261,0.06349206349206349,202059.95,0.9722626476336158
2024-07-26,Google Ads,Search,SaaS,UAE,70982,2548,0.0358964244456341,2.88,7338.24,117,62.72,32045.18,4.366875436071865,0.04591836734693878,24706.940000000002,0.771003314695065
2024-03-17,TikTok Ads,Search,Healthcare,India,132992,7926,0.0595975697786333,0.64,5072.64,553,9.172947558770344,41271.28,8.136055387332828,0.0697703759777946,36198.64,0.8770903155899211
2024-08-13,TikTok Ads,Video,Healthcare,India,13597,747,0.05493858939471943,1.91,1426.77,25,57.0708,5673.88,3.97673065735893,0.03346720214190094,4247.110000000001,0.7485371562317146
2024-05-06,Meta Ads,Search,EdTech,USA,199472,5286,0.02649995989412048,1.32,6977.52,192,36.34125,17789.77,2.5495835196459486,0.036322360953461974,10812.25,0.6077790775260163
2024-02-27,Google Ads,Search,Healthcare,USA,108751,5459,0.05019723956561319,1.43,7806.37,345,22.627159420289853,24740.95,3.1693283818215128,0.0631983879831471,16934.58,0.6844757375929381
2024-12-24,Meta Ads,Display,E-commerce,India,175591,5864,0.03339578907802792,0.44,2580.16,333,7.7482282282282275,52097.57,20.191604396626566,0.05678717598908595,49517.41,0.9504744655077003
2024-11-08,TikTok Ads,Search,EdTech,India,36027,2770,0.0768867793599245,1.08,2991.6,205,14.593170731707316,16618.85,5.555171145875117,0.0740072202166065,13627.249999999998,0.8199875442644948
2024-08-19,TikTok Ads,Shopping,E-commerce,Canada,57265,2302,0.04019907447830263,1.3,2992.6,85,35.20705882352941,4068.49,1.3595168081267126,0.0369244135534318,1075.8899999999999,0.2644445482230508
2024-07-18,Google Ads,Shopping,Fintech,India,161904,4727,0.029196313865006422,1.64,7752.28,263,29.47634980988593,21545.93,2.7793023471804426,0.055637825259149565,13793.650000000001,0.6401974758109769
2024-08-31,Google Ads,Display,Healthcare,Canada,49757,1243,0.02498140965090339,3.14,3903.02,39,100.07743589743589,4749.9,1.2169806969987342,0.031375703942075624,846.8799999999997,0.17829427987957636
2024-07-28,Google Ads,Video,EdTech,USA,168623,6896,0.04089596318414451,1.42,9792.32,200,48.9616,24436.96,2.49552302212346,0.029002320185614848,14644.64,0.5992823984652755
2024-09-06,Meta Ads,Video,SaaS,Canada,98079,3226,0.03289185248626107,2.18,7032.68,44,159.83363636363637,1401.71,0.19931377511844703,0.013639181649101054,-5630.97,-4.017214687774219
2024-06-23,Google Ads,Search,EdTech,UK,11305,562,0.0497125165855816,1.72,966.64,42,23.015238095238097,8107.06,8.386845154349086,0.07473309608540925,7140.42,0.8807656536401605
2024-10-20,TikTok Ads,Shopping,Healthcare,India,109188,6354,0.05819320804484009,1.26,8006.04,216,37.065,49228.57,6.148928808749394,0.0339943342776204,41222.53,0.8373700475150914
2024-08-14,Meta Ads,Display,Healthcare,Germany,73309,2323,0.031687787311244185,0.6,1393.8,39,35.738461538461536,1966.71,1.411041756349548,0.016788635385277657,572.9100000000001,0.2913037509343015
2024-12-14,Google Ads,Video,Healthcare,India,81996,1508,0.018391141031269816,2.33,3513.64,75,46.84853333333333,8251.24,2.34834530572284,0.04973474801061008,4737.6,0.5741682462272338
2024-04-03,TikTok Ads,Display,EdTech,UK,122192,4398,0.035992536336257694,0.99,4354.02,348,12.511551724137933,64414.08,14.794162635908883,0.0791268758526603,60060.06,0.9324057721541625
2024-11-30,Google Ads,Display,SaaS,UAE,79960,1591,0.01989744872436218,1.03,1638.73,55,29.79509090909091,15206.45,9.27941149548736,0.034569453174104335,13567.720000000001,0.8922345452094342
2024-11-05,Meta Ads,Display,Healthcare,Australia,188804,5267,0.027896654731891273,2.1,11060.7,64,172.8234375,10138.3,0.9166056397877167,0.012151129675337003,-922.4000000000015,-0.09098172277403524
2024-05-25,Meta Ads,Display,Fintech,UK,80139,2436,0.030397184891251452,1.58,3848.88,37,104.02378378378378,4653.12,1.2089542931969819,0.015188834154351396,804.2399999999998,0.17283886940375487
2024-12-25,Meta Ads,Shopping,SaaS,Germany,51999,930,0.017884959326140887,1.2,1116.0,13,85.84615384615384,1777.36,1.5926164874551971,0.013978494623655914,661.3599999999999,0.37210244407435744
2024-12-11,Google Ads,Video,EdTech,India,119527,6597,0.05519255063709455,3.1,20450.7,497,41.148289738430584,137884.47,6.7422860831169595,0.07533727451872063,117433.77,0.8516823540751182
2024-08-17,Meta Ads,Search,Fintech,India,194073,6346,0.032699035929779,1.8,11422.8,168,67.99285714285713,9921.38,0.868559372483104,0.026473369051370942,-1501.42,-0.1513317703787175
2024-09-27,TikTok Ads,Display,SaaS,UK,55599,3697,0.06649400169067789,1.64,6063.08,217,27.940460829493087,25513.42,4.207996595789599,0.0586962401947525,19450.339999999997,0.7623572221991406
2024-10-17,Google Ads,Video,Healthcare,India,176541,4378,0.02479877195665596,2.87,12564.86,175,71.7992,19637.27,1.5628721688900633,0.039972590223846506,7072.41,0.36015240407653404
2024-06-23,Google Ads,Display,Fintech,UAE,118710,4036,0.03399882065537865,2.48,10009.28,235,42.59268085106383,28657.57,2.8631000431599474,0.058225966303270565,18648.29,0.6507282369021519
2024-02-17,TikTok Ads,Search,Fintech,Germany,113297,9675,0.08539502369877403,1.81,17511.75,380,46.08355263157895,16593.87,0.9475849072765429,0.03927648578811369,-917.880000000001,-0.05531440224613071
2024-07-05,Google Ads,Search,Fintech,UK,6881,357,0.05188199389623601,2.29,817.53,5,163.506,872.75,1.0675449218988906,0.014005602240896359,55.22000000000003,0.06327126897737041
2024-05-20,Meta Ads,Shopping,EdTech,Germany,121477,1834,0.015097508170270916,0.49,898.66,98,9.17,10542.66,11.731533616718226,0.05343511450381679,9644.0,0.9147596526872724
2024-06-28,Google Ads,Display,SaaS,Australia,188419,10231,0.05429919487949729,2.15,21996.65,754,29.173275862068966,134062.71,6.094687600157296,0.07369758576874205,112066.06,0.8359226812586439
2024-08-11,Meta Ads,Video,EdTech,UK,46743,1523,0.03258241875788888,0.8,1218.4,51,23.890196078431373,5825.03,4.780884766907419,0.0334865397242285,4606.629999999999,0.7908336952771058
2024-03-10,Google Ads,Video,Fintech,India,93302,4058,0.04349317270798054,0.81,3286.98,50,65.7396,14861.71,4.521387413370327,0.01232134056185313,11574.73,0.7788289503697757
2024-05-14,Google Ads,Search,SaaS,Australia,140747,8571,0.060896502234505885,3.25,27855.75,332,83.90286144578313,48279.89,1.7332109169561043,0.03873527009683818,20424.14,0.423036175103133
2024-04-16,Google Ads,Search,Healthcare,Australia,36831,1572,0.04268143683310255,3.45,5423.4,48,112.9875,4165.73,0.7681030349964967,0.030534351145038167,-1257.67,-0.3019086690688067
2024-04-17,TikTok Ads,Display,SaaS,Germany,146842,10646,0.07249969354816742,1.23,13094.58,615,21.292,113988.39,8.705005429727414,0.05776817584069134,100893.81,0.8851235638997972
2024-04-05,Meta Ads,Display,EdTech,USA,69892,2851,0.04079150689635438,0.78,2223.78,52,42.765,11407.42,5.129743050121864,0.01823921431076815,9183.64,0.805058461948451
2024-03-29,Google Ads,Shopping,SaaS,UK,118985,4545,0.03819809219649536,3.23,14680.35,259,56.680888030888035,58417.12,3.979272973737002,0.05698569856985698,43736.770000000004,0.7486978132437888
2024-07-12,Meta Ads,Display,E-commerce,India,12452,280,0.0224863475746868,1.23,344.4,18,19.133333333333333,4734.22,13.746283391405344,0.06428571428571428,4389.820000000001,0.9272530638626849
2024-01-22,Google Ads,Display,EdTech,UAE,85077,4032,0.047392362213054054,2.84,11450.88,253,45.26039525691699,13168.69,1.15001554465683,0.06274801587301587,1717.8100000000013,0.13044653644364027
2024-08-18,TikTok Ads,Search,Fintech,India,39782,3393,0.08528982957116284,1.71,5802.03,143,40.57363636363636,23555.27,4.059832506898448,0.0421455938697318,17753.24,0.7536844196648989
2024-04-13,Google Ads,Video,EdTech,Australia,192135,10663,0.05549743669815494,1.78,18980.14,741,25.61422402159244,213823.36,11.265636607527657,0.06949263809434493,194843.21999999997,0.9112344881307636
2024-04-04,Meta Ads,Search,Healthcare,India,156317,5924,0.03789734961648445,0.71,4206.04,464,9.064741379310345,64623.96,15.36456144021455,0.07832545577312626,60417.92,0.9349151614973765
2024-02-15,Google Ads,Shopping,Fintech,Germany,39754,2007,0.0504854857372843,2.33,4676.31,108,43.29916666666667,6981.98,1.493053283464954,0.053811659192825115,2305.669999999999,0.33023153890443674
2024-10-02,Meta Ads,Shopping,EdTech,UAE,84526,2214,0.026193124009180606,0.44,974.16,117,8.326153846153845,30360.22,31.16553748870822,0.052845528455284556,29386.06,0.9679132759907537
2024-08-27,Google Ads,Shopping,SaaS,UK,159226,5206,0.03269566528079585,0.97,5049.82,137,36.86,27701.27,5.485595526177171,0.02631578947368421,22651.45,0.8177043868385818
2024-10-01,TikTok Ads,Display,SaaS,Canada,178503,9639,0.05399909245222769,0.56,5397.84,146,36.97150684931507,40162.93,7.440555851970418,0.01514679946052495,34765.09,0.8656014389388422
2024-05-19,TikTok Ads,Shopping,SaaS,India,176946,13784,0.07789947215534683,0.86,11854.24,743,15.954562584118438,208986.19,17.629657405282835,0.053903076030179915,197131.95,0.9432774002913782
2024-08-02,Meta Ads,Display,Fintech,Germany,163124,4273,0.026194796596454233,0.91,3888.43,239,16.269581589958158,71554.77,18.401969432393024,0.055932600046805524,67666.34000000001,0.945657990375764
2024-06-21,Meta Ads,Display,EdTech,UAE,150486,6230,0.04139919992557447,1.21,7538.3,243,31.021810699588478,55217.61,7.324941963042065,0.03900481540930979,47679.31,0.8634801470038271
2024-05-17,Google Ads,Search,E-commerce,UK,88384,3641,0.041195238957277336,1.22,4442.02,89,49.91033707865169,4077.32,0.917897713202552,0.02444383411150783,-364.7000000000003,-0.08944600865274255
2024-07-07,Meta Ads,Display,SaaS,USA,74922,1333,0.01779183684365073,1.32,1759.56,95,18.521684210526317,17171.74,9.759110232103481,0.07126781695423856,15412.180000000002,0.8975316421049935
2024-01-17,TikTok Ads,Video,EdTech,UAE,188846,12671,0.06709699967169017,1.37,17359.27,821,21.144056029232644,86047.94,4.956887011953843,0.06479362323415673,68688.67,0.7982604813084426
2024-03-27,TikTok Ads,Search,SaaS,UK,10209,314,0.030757175041629933,1.79,562.06,13,43.23538461538461,3231.96,5.750204604490625,0.041401273885350316,2669.9,0.8260931447171376
2024-11-27,TikTok Ads,Video,E-commerce,India,31140,1712,0.05497752087347463,1.34,2294.08,63,36.41396825396825,5569.82,2.4279100990375224,0.036799065420560745,3275.74,0.5881231350384752
2024-03-08,Meta Ads,Video,SaaS,Canada,46850,983,0.020981856990394877,1.58,1553.14,38,40.8721052631579,10968.52,7.062157950989608,0.038657171922685654,9415.380000000001,0.858400221725447
2024-04-28,Meta Ads,Shopping,EdTech,Canada,17720,287,0.016196388261851016,1.41,404.67,4,101.1675,597.18,1.4757209578174808,0.013937282229965157,192.50999999999993,0.32236511604541335
2024-01-29,Google Ads,Video,SaaS,Germany,16781,684,0.04076038376735594,1.3,889.2,8,111.15,1435.11,1.6139338731443993,0.011695906432748537,545.9099999999999,0.3803959278382841
2024-11-29,Meta Ads,Video,E-commerce,Germany,61652,2614,0.04239927334068643,1.28,3345.92,133,25.157293233082708,20303.14,6.0680291220351945,0.050879877582249426,16957.22,0.8352018456258491
2024-07-06,Meta Ads,Display,EdTech,USA,194933,4054,0.02079688918756701,2.03,8229.62,197,41.77472081218274,9992.76,1.2142431849830246,0.048593981253083375,1763.1399999999994,0.17644174382252745
2024-02-25,Google Ads,Search,EdTech,Canada,100386,5250,0.05229812922120614,0.98,5145.0,254,20.255905511811022,73673.45,14.319426627793975,0.04838095238095238,68528.45,0.9301648015669145
2024-01-25,Google Ads,Search,Healthcare,UAE,50203,1390,0.027687588391132004,1.95,2710.5,47,57.670212765957444,11338.98,4.183353624792473,0.03381294964028777,8628.48,0.7609573347867269
2024-01-14,TikTok Ads,Search,SaaS,India,85428,5134,0.06009739195579904,0.86,4415.24,202,21.857623762376235,37603.74,8.51680542847048,0.03934553954031944,33188.5,0.882585083292247
2024-05-05,TikTok Ads,Video,EdTech,UAE,192428,9967,0.051795996424636746,1.6,15947.2,570,27.977543859649124,78044.55,4.893934358382663,0.05718872278519113,62097.350000000006,0.7956654244274585
2024-08-19,Google Ads,Shopping,Healthcare,UK,33756,2150,0.06369238061381681,2.17,4665.5,108,43.199074074074076,7948.11,1.7035923266530917,0.05023255813953489,3282.6099999999997,0.41300510435814297
2024-03-28,Meta Ads,Video,Fintech,UAE,103162,1485,0.014394835307574495,0.97,1440.45,35,41.15571428571429,5899.5,4.095595126522961,0.02356902356902357,4459.05,0.7558352402745996
2024-09-02,Google Ads,Search,EdTech,UAE,142844,2971,0.020798913500042003,1.69,5020.99,95,52.85252631578947,5534.94,1.1023602914962984,0.03197576573544261,513.9499999999998,0.09285556844337967
2024-05-31,Google Ads,Search,Fintech,USA,50201,2198,0.0437839883667656,2.25,4945.5,112,44.15625,12918.19,2.6121099989889798,0.050955414012738856,7972.6900000000005,0.6171677301541469
2024-01-16,Meta Ads,Video,Fintech,USA,143421,3542,0.024696522824412044,0.86,3046.12,181,16.82939226519337,26273.04,8.625083713051358,0.05110107284020327,23226.920000000002,0.8840590963207913
2024-10-13,Meta Ads,Shopping,Fintech,Australia,71537,1809,0.025287613402854466,1.65,2984.85,57,52.36578947368421,6227.5,2.0863694993048227,0.03150912106135987,3242.65,0.52069851465275
2024-11-03,Google Ads,Video,Fintech,USA,198604,8162,0.04109685605526576,3.1,25302.2,584,43.32568493150685,25281.15,0.9991680565326335,0.07155109041901495,-21.049999999999272,-0.0008326361735917579
2024-04-08,Google Ads,Search,Healthcare,Canada,114028,3112,0.027291542428175535,1.36,4232.32,120,35.26933333333333,10393.96,2.4558539996975655,0.038560411311053984,6161.639999999999,0.5928096702315575
2024-06-05,TikTok Ads,Video,Healthcare,Australia,180309,5823,0.032294561003610465,0.65,3784.95,232,16.314439655172414,46549.68,12.29862481670828,0.039842005838914646,42764.73,0.9186900962584491
2024-03-22,Meta Ads,Video,SaaS,Canada,168402,5237,0.031098205484495434,0.85,4451.45,188,23.67792553191489,43774.92,9.833856383874917,0.035898415123162115,39323.47,0.8983104937713193
2024-12-23,TikTok Ads,Video,E-commerce,Canada,125419,4126,0.032897726819700365,0.85,3507.1,294,11.92891156462585,32829.78,9.360947791622708,0.07125545322346098,29322.68,0.893173210420539
2024-02-05,TikTok Ads,Video,SaaS,UK,123680,8373,0.06769890038809832,0.6,5023.8,263,19.10190114068441,12412.26,2.4706915084199212,0.031410486086229546,7388.46,0.5952550139942283
2024-06-24,Google Ads,Search,Fintech,UK,117660,6388,0.05429202787693354,1.81,11562.28,331,34.93135951661632,17255.28,1.4923769360368369,0.05181590482154039,5692.999999999998,0.3299279988502069
2024-09-02,Meta Ads,Video,Fintech,Canada,76916,2761,0.03589630245982631,0.71,1960.31,64,30.62984375,14368.24,7.329575424295137,0.023180007243752264,12407.93,0.8635664493354789
2024-02-17,Meta Ads,Video,E-commerce,Canada,150631,5648,0.037495601834947656,1.94,10957.12,111,98.7127927927928,21671.9,1.9778828743319412,0.019652974504249292,10714.78,0.49440888892990464
2024-02-19,Google Ads,Display,Fintech,Australia,126635,4254,0.03359260867848541,1.33,5657.82,313,18.076102236421725,28110.42,4.96841893167333,0.07357780912082745,22452.6,0.7987287276390748
2024-12-14,Google Ads,Video,EdTech,India,159721,3625,0.02269582584631952,1.91,6923.75,150,46.15833333333333,39701.58,5.7341151832460735,0.041379310344827586,32777.83,0.8256051774261881
2024-09-01,Meta Ads,Shopping,Healthcare,UAE,150698,4581,0.030398545435241342,0.51,2336.31,285,8.19757894736842,32525.45,13.921718436337644,0.06221349050425671,30189.14,0.9281697870436842
2024-04-14,TikTok Ads,Search,EdTech,Canada,98348,3225,0.03279171920120389,1.27,4095.75,59,69.41949152542372,2846.94,0.6950961362387841,0.018294573643410854,-1248.81,-0.4386499188602499
2024-08-03,Meta Ads,Search,E-commerce,USA,110603,2377,0.02149127962171008,0.69,1640.13,62,26.453709677419358,2761.12,1.6834763098047105,0.026083298275136727,1120.9899999999998,0.40599104711131706
2024-01-18,Google Ads,Shopping,E-commerce,UAE,76792,3317,0.04319460360454214,3.1,10282.7,262,39.2469465648855,42043.84,4.088793799293959,0.07898703647874586,31761.139999999996,0.755429094963733
2024-03-08,TikTok Ads,Shopping,SaaS,USA,44405,1953,0.043981533611079836,1.53,2988.09,22,135.82227272727275,6030.56,2.0181989163646343,0.011264720942140297,3042.4700000000003,0.5045087023427344
2024-08-28,Google Ads,Shopping,E-commerce,India,49462,1206,0.024382354130443575,1.95,2351.7,74,31.779729729729727,12950.09,5.506693030573628,0.06135986733001658,10598.39,0.818402806466982
2024-05-01,TikTok Ads,Display,SaaS,Australia,140440,11825,0.08419965821703218,0.68,8041.0,748,10.75,31071.69,3.8641574431040913,0.06325581395348837,23030.69,0.7412113727962657
2024-06-27,TikTok Ads,Display,Healthcare,USA,112392,4934,0.04389992170261228,1.64,8091.76,363,22.291349862258954,91221.43,11.273373159856446,0.0735711390352655,83129.67,0.9112954050380486
2024-04-17,TikTok Ads,Shopping,Healthcare,Australia,125654,8318,0.06619765387492639,0.58,4824.44,566,8.523745583038869,117035.13,24.258801021465707,0.06804520317383987,112210.69,0.9587778473010625
2024-07-16,Meta Ads,Search,Healthcare,UK,167002,3406,0.02039496532975653,1.83,6232.98,76,82.0128947368421,10328.31,1.6570420569294302,0.022313564298297124,4095.33,0.3965150155252892
2024-04-06,TikTok Ads,Search,SaaS,Australia,108247,6971,0.064399013367576,0.59,4112.89,517,7.955299806576403,139391.79,33.89144616072883,0.07416439535217328,135278.9,0.970494029813377
2024-04-14,Meta Ads,Display,Fintech,Australia,53128,1678,0.03158409878030417,1.51,2533.78,66,38.39060606060606,19225.18,7.587549037406562,0.03933253873659118,16691.4,0.8682051351404773
2024-02-01,Meta Ads,Video,EdTech,USA,65942,2044,0.0309969367019502,1.05,2146.2,48,44.7125,6784.27,3.1610614108657167,0.023483365949119372,4638.070000000001,0.683650562256514
2024-03-14,Google Ads,Display,E-commerce,Canada,32160,1186,0.03687810945273632,1.34,1589.24,12,132.43666666666667,1927.71,1.2129760136920793,0.01011804384485666,338.47,0.17558138931685785
2024-09-29,Google Ads,Search,EdTech,USA,58364,2241,0.03839695702830512,2.22,4975.02,136,36.58102941176471,15149.72,3.045157607406603,0.0606871932173137,10174.699999999999,0.6716097723258251
2024-06-05,Meta Ads,Search,E-commerce,India,79462,2058,0.025899171931237572,0.88,1811.04,146,12.404383561643835,7813.85,4.31456511175899,0.07094266277939747,6002.81,0.7682269303864292
2024-04-01,Meta Ads,Display,SaaS,India,151864,4358,0.028696728651951747,1.69,7365.02,175,42.08582857142857,45340.29,6.156166582032363,0.04015603487838458,37975.270000000004,0.8375612507110123
2024-04-27,Google Ads,Shopping,EdTech,UAE,182926,6749,0.03689470058930934,1.94,13093.06,343,38.17218658892128,53279.93,4.069326039902055,0.05082234405097051,40186.87,0.7542590615265449
2024-10-25,Meta Ads,Shopping,E-commerce,India,107489,2515,0.023397743024867662,1.4,3521.0,166,21.210843373493976,18411.15,5.228954842374326,0.06600397614314116,14890.150000000001,0.8087571933312151
2024-08-03,TikTok Ads,Search,Healthcare,India,40709,1314,0.032277874671448575,0.7,919.8,90,10.219999999999999,16081.05,17.48320287018917,0.0684931506849315,15161.25,0.9428022423908887
2024-09-24,Google Ads,Video,Fintech,Australia,143561,9144,0.06369417878114529,1.93,17647.92,630,28.012571428571427,123364.05,6.990288373927354,0.0688976377952756,105716.13,0.8569443853375437
2024-03-24,Google Ads,Shopping,Fintech,India,94242,5466,0.057999618004711276,1.67,9128.22,100,91.28219999999999,6794.77,0.7443696580494337,0.018294914013904134,-2333.449999999999,-0.3434185410249352
2024-09-23,Google Ads,Display,Healthcare,UAE,111311,5765,0.05179182650411909,2.71,15623.15,389,40.162339331619535,22317.92,1.4285160162963295,0.06747614917606244,6694.769999999999,0.2999728469319721
2024-09-24,TikTok Ads,Video,Fintech,USA,130865,9461,0.07229587743094028,1.48,14002.28,221,63.35873303167421,46411.13,3.314540917621987,0.023359052954233166,32408.85,0.6982990933424805
2024-01-02,Meta Ads,Video,EdTech,USA,138639,2204,0.0158974026067701,1.8,3967.2,154,25.76103896103896,35803.07,9.024770619076428,0.06987295825771325,31835.87,0.8891938596327075
2024-06-15,TikTok Ads,Shopping,SaaS,India,147355,7485,0.05079569746530488,0.91,6811.35,81,84.09074074074074,14520.06,2.1317448082979142,0.010821643286573146,7708.709999999999,0.5309006987574431
2024-04-29,Meta Ads,Shopping,Fintech,UK,26751,489,0.0182796904788606,1.93,943.77,8,117.97125,791.56,0.8387212986214861,0.016359918200409,-152.21000000000004,-0.19229117186315636
2024-01-25,TikTok Ads,Display,SaaS,UK,42706,2084,0.048798763639769586,1.59,3313.56,35,94.67314285714285,4766.32,1.4384287594007652,0.016794625719769675,1452.7599999999998,0.3047969922288054
2024-09-02,Meta Ads,Video,SaaS,UAE,173337,3189,0.01839768774122086,2.03,6473.67,224,28.900312500000002,43055.91,6.650927526426278,0.07024145500156789,36582.240000000005,0.8496450313092907
2024-07-28,Meta Ads,Shopping,SaaS,Canada,99948,1389,0.01389722655781006,1.04,1444.56,67,21.56059701492537,4987.6,3.452677631943291,0.0482361411087113,3543.0400000000004,0.7103697168979068
2024-03-30,Google Ads,Video,Healthcare,Canada,65282,1723,0.026393186483257253,1.91,3290.93,64,51.42078125,16624.45,5.051596357260714,0.0371445153801509,13333.52,0.802042774347422
2024-02-01,Google Ads,Video,EdTech,USA,48790,2824,0.057880713260914124,1.3,3671.2,178,20.624719101123596,37847.71,10.309356613641317,0.06303116147308782,34176.51,0.903000736372161
2024-07-16,Google Ads,Shopping,EdTech,UAE,163272,5551,0.033998481062276445,2.23,12378.73,135,91.69429629629629,38753.89,3.130683842365089,0.02431994235272924,26375.16,0.6805809687750055
2024-11-04,Google Ads,Video,EdTech,Australia,149233,3686,0.024699630778715162,1.0,3686.0,250,14.744,16524.46,4.483033098209441,0.06782419967444384,12838.46,0.7769367349976943
2024-02-27,TikTok Ads,Search,SaaS,UAE,7637,415,0.05434070970276286,1.54,639.1,10,63.910000000000004,1137.83,1.7803630104834922,0.024096385542168676,498.7299999999999,0.43831679600643325
2024-01-04,Google Ads,Display,Fintech,UK,20198,878,0.04346965046044163,2.68,2353.04,67,35.12,5967.58,2.536114983170707,0.07630979498861047,3614.54,0.6056961113215072
2024-09-11,Google Ads,Search,EdTech,UAE,32675,941,0.028798775822494262,1.09,1025.69,47,21.823191489361704,12632.32,12.315923914633075,0.04994686503719448,11606.63,0.9188043051474313
2024-02-28,Google Ads,Search,EdTech,USA,116560,4312,0.03699382292381606,2.79,12030.48,198,60.76,51746.42,4.301276424548314,0.04591836734693878,39715.94,0.7675108732159636
2024-01-27,Meta Ads,Display,E-commerce,Australia,176459,3670,0.02079803240412787,1.91,7009.7,65,107.84153846153846,2483.8,0.35433756080859385,0.017711171662125342,-4525.9,-1.822167646348337
2024-09-02,Meta Ads,Shopping,SaaS,Australia,49980,1664,0.03329331732693077,1.98,3294.72,37,89.04648648648649,6236.77,1.8929590374902878,0.022235576923076924,2942.0500000000006,0.47172655076265446
2024-01-07,Meta Ads,Video,Healthcare,Germany,98944,1850,0.018697445019404915,1.42,2627.0,78,33.67948717948718,17285.68,6.58000761324705,0.04216216216216216,14658.68,0.8480244919494055
2024-04-01,TikTok Ads,Video,Healthcare,USA,115310,3205,0.027794640534212125,1.04,3333.2,134,24.87462686567164,14521.43,4.356603264130565,0.04180967238689547,11188.23,0.7704633772293775
2024-08-08,Meta Ads,Search,E-commerce,India,8626,242,0.028054718293531185,1.13,273.46,18,15.19222222222222,3013.54,11.020039493893075,0.0743801652892562,2740.08,0.9092562235775865
2024-01-05,Meta Ads,Display,E-commerce,Germany,88732,1579,0.017795158454672496,0.44,694.76,32,21.71125,4757.82,6.848149001093903,0.02026599113362888,4063.0599999999995,0.8539751398749847
2024-06-20,Meta Ads,Video,EdTech,Germany,29502,604,0.020473188258423158,1.61,972.44,30,32.41466666666667,5842.59,6.0081753115873475,0.04966887417218543,4870.15,0.8335601163182765
2024-09-14,TikTok Ads,Search,E-commerce,Canada,198085,14460,0.07299896509074387,0.82,11857.2,1133,10.46531332744925,295028.26,24.88178153358297,0.07835408022130014,283171.06,0.9598099517652986
2024-07-14,Meta Ads,Shopping,Healthcare,USA,111802,2247,0.020098030446682527,1.65,3707.55,163,22.745705521472395,6163.84,1.6625102830710308,0.07254116599910992,2456.29,0.3984999610632333
2024-08-01,Google Ads,Shopping,EdTech,UAE,65186,1955,0.029991102383947473,2.26,4418.3,89,49.6438202247191,13375.79,3.0273612022723673,0.04552429667519182,8957.490000000002,0.6696793236137829
2024-06-15,TikTok Ads,Video,EdTech,UK,101176,6505,0.06429390369257532,0.96,6244.8,459,13.605228758169934,44008.34,7.047197668460158,0.07056110684089162,37763.53999999999,0.8580996238440258
2024-08-07,TikTok Ads,Video,SaaS,UAE,41307,1367,0.033093664512068174,0.57,779.19,92,8.469456521739131,6211.99,7.972368741898637,0.06730065837600585,5432.799999999999,0.8745667652394803
2024-05-12,Meta Ads,Video,EdTech,UK,174579,3247,0.0185990296656528,1.33,4318.51,187,23.093636363636364,41760.07,9.670018131253602,0.05759162303664921,37441.56,0.8965875775591372
2024-02-14,Meta Ads,Video,SaaS,India,83137,2045,0.024597952776742003,1.01,2065.45,37,55.82297297297297,1798.59,0.8707981311578591,0.018092909535452322,-266.8599999999999,-0.14837178011664687
2024-01-04,Meta Ads,Search,Healthcare,UK,122897,2040,0.016599266052059854,0.77,1570.8,159,9.879245283018868,45753.83,29.12772472625414,0.07794117647058824,44183.03,0.9656684478654574
2024-10-17,TikTok Ads,Search,Healthcare,India,47462,1803,0.03798828536513421,0.53,955.59,98,9.750918367346939,29213.28,30.570935233729944,0.05435385468663339,28257.69,0.9672891917648412
2024-06-19,TikTok Ads,Display,EdTech,Germany,99202,6428,0.06479708070401806,1.54,9899.12,165,59.994666666666674,34456.26,3.4807397021149353,0.02566894835096453,24557.14,0.7127047450884105
2024-02-26,Meta Ads,Shopping,SaaS,USA,125871,3083,0.02449333047326231,1.72,5302.76,185,28.66356756756757,27759.15,5.234849399180804,0.06000648718780409,22456.39,0.808972536983301
2024-03-10,Google Ads,Search,Healthcare,UK,8880,216,0.024324324324324326,2.06,444.96,6,74.16,1186.19,2.665835131247753,0.027777777777777776,741.23,0.6248830288570971
2024-11-30,Google Ads,Shopping,EdTech,USA,156388,7021,0.04489474895772054,1.64,11514.44,315,36.55377777777778,34670.52,3.011046998377689,0.0448654037886341,23156.079999999994,0.667889607655149
2024-03-27,Google Ads,Video,EdTech,UK,109672,2675,0.024390911080312203,2.55,6821.25,50,136.425,11521.03,1.6889910207073484,0.018691588785046728,4699.780000000001,0.40793054093253817
2024-05-07,Meta Ads,Display,SaaS,UAE,70030,1470,0.020991003855490502,1.68,2469.6,90,27.439999999999998,9384.9,3.800170068027211,0.061224489795918366,6915.299999999999,0.7368538823002908
2024-01-03,Meta Ads,Video,EdTech,India,149375,6109,0.04089707112970711,2.18,13317.62,89,149.6361797752809,22418.8,1.6833938796872112,0.014568669176624652,9101.179999999998,0.4059619604974396
2024-06-07,Meta Ads,Search,Fintech,Canada,123171,3756,0.03049419100275227,1.86,6986.16,52,134.34923076923076,7553.6,1.0812234475019182,0.013844515441959531,567.4400000000005,0.07512179622961243
2024-03-16,Meta Ads,Search,SaaS,UK,52779,596,0.011292370071429924,1.09,649.64,35,18.56114285714286,3583.95,5.516824702912382,0.0587248322147651,2934.31,0.8187363104954032
2024-05-23,Google Ads,Display,Fintech,USA,117036,3569,0.03049489046105472,2.13,7601.97,178,42.70769662921349,11935.14,1.570006195762414,0.04987391426169795,4333.169999999999,0.36305983842669626
2024-07-17,TikTok Ads,Shopping,E-commerce,UAE,177517,13917,0.07839812524997605,0.91,12664.47,671,18.87402384500745,36680.47,2.8963288633476174,0.04821441402601135,24016.0,0.6547353400869727
2024-12-30,TikTok Ads,Search,EdTech,Germany,196349,8325,0.04239899362869177,0.69,5744.25,398,14.432788944723619,42464.91,7.392594333463899,0.04780780780780781,36720.66,0.864729490772499
2024-10-31,TikTok Ads,Search,SaaS,UAE,174898,13029,0.07449484842593969,1.26,16416.54,822,19.9714598540146,162206.84,9.880695932273182,0.06309002993322588,145790.3,0.8987925540008054
2024-06-30,Google Ads,Display,EdTech,USA,83972,4903,0.05838851045586624,2.9,14218.7,341,41.69706744868036,36574.45,2.5722780563623955,0.06954925555782174,22355.749999999996,0.6112395401708023
2024-04-26,Meta Ads,Search,Fintech,USA,165371,2993,0.018098699288266986,1.51,4519.43,32,141.2321875,8918.68,1.9734081510278951,0.010691613765452723,4399.25,0.4932624558791211
2024-08-30,TikTok Ads,Shopping,Fintech,USA,133949,7219,0.0538936460891832,1.52,10972.88,73,150.31342465753423,21583.28,1.9669658284789409,0.010112203906358221,10610.4,0.4916027591728412
2024-09-15,TikTok Ads,Display,Fintech,Australia,105400,7704,0.07309297912713472,1.11,8551.44,442,19.34714932126697,49251.38,5.75942531316363,0.05737279335410177,40699.939999999995,0.826371565629227
2024-08-04,Google Ads,Shopping,EdTech,USA,63959,2014,0.03148892259103488,2.28,4591.92,150,30.6128,37769.59,8.225228226972595,0.07447864945382324,33177.67,0.8784228264061114
2024-03-06,Google Ads,Search,SaaS,India,6044,146,0.024156187954996692,1.13,164.98,5,32.995999999999995,611.36,3.7056612922778522,0.03424657534246575,446.38,0.7301426328186339
2024-04-08,Google Ads,Shopping,Fintech,USA,90945,3637,0.03999120347462752,3.02,10983.74,145,75.74993103448276,21488.5,1.9563919029401644,0.03986802309595821,10504.76,0.48885496893687325
2024-02-01,Google Ads,Search,SaaS,UK,73681,4457,0.06049049280004343,1.77,7888.89,95,83.04094736842106,11815.26,1.497708803139605,0.02131478573031187,3926.37,0.3323134658060847
2024-12-14,Google Ads,Display,Healthcare,Australia,195545,8799,0.04499731519599069,2.98,26221.02,444,59.05635135135135,122723.09,4.680332420325373,0.05046027957722468,96502.06999999999,0.7863399625938362
2024-07-14,Google Ads,Shopping,E-commerce,USA,46846,2183,0.04659949622166247,3.36,7334.88,46,159.45391304347825,5098.84,0.695149750234496,0.021071919377004124,-2236.04,-0.4385389618030768
2024-07-03,Google Ads,Shopping,Healthcare,Canada,183428,4549,0.02479992149508254,2.11,9598.39,135,71.09918518518518,6604.0,0.6880320553759537,0.02967685205539679,-2994.3899999999994,-0.4534206541490005
2024-05-09,Google Ads,Shopping,EdTech,Australia,173913,5860,0.03369500842375211,3.46,20275.6,111,182.66306306306305,20779.66,1.0248604233660163,0.0189419795221843,504.0600000000013,0.02425737475974108
2024-05-05,Google Ads,Video,SaaS,USA,190541,9527,0.04999973758928525,2.17,20673.59,157,131.67891719745222,5416.71,0.26201109725016314,0.016479479374409575,-15256.880000000001,-2.81663223617288
2024-09-11,TikTok Ads,Video,SaaS,Canada,122116,5507,0.04509646565560615,0.98,5396.86,110,49.062363636363635,3555.98,0.6588979517719563,0.019974577810059922,-1840.8799999999997,-0.5176857012694108
2024-03-23,Google Ads,Display,Fintech,India,47879,1149,0.023997994945592013,3.06,3515.94,25,140.6376,3124.11,0.8885561187050974,0.02175805047867711,-391.8299999999999,-0.12542131999193368
2024-10-08,Meta Ads,Search,Healthcare,USA,164876,5820,0.03529925519784565,0.74,4306.8,463,9.301943844492442,73917.74,17.163030556329527,0.07955326460481099,69610.94,0.9417352316236941
2024-05-13,Meta Ads,Display,SaaS,USA,163253,1779,0.010897196376176855,0.51,907.29,121,7.498264462809917,18762.73,20.67997002061083,0.06801573917931422,17855.44,0.951644030479573
2024-10-04,Meta Ads,Shopping,Fintech,India,120631,1532,0.012699886430519518,0.77,1179.64,114,10.347719298245615,25286.78,21.43601437726764,0.07441253263707572,24107.14,0.9533495367935341
2024-04-29,Meta Ads,Display,Fintech,Australia,12610,197,0.015622521808088818,0.66,130.02,11,11.82,2637.16,20.28272573450238,0.05583756345177665,2507.14,0.950696961883238
2024-01-12,Meta Ads,Video,Healthcare,UK,62676,595,0.009493266960239964,2.42,1439.9,32,44.996875,1319.08,0.9160913952357802,0.05378151260504202,-120.82000000000016,-0.09159414137125889
2024-07-10,Google Ads,Search,Fintech,UK,59943,2163,0.03608428006606276,3.29,7116.27,114,62.42342105263158,4800.81,0.6746244872665034,0.052704576976421634,-2315.46,-0.4823061108437951
2024-10-20,Meta Ads,Display,SaaS,USA,78302,900,0.011493959285841996,0.49,441.0,52,8.48076923076923,6354.23,14.408684807256234,0.057777777777777775,5913.23,0.9305974130618502
2024-09-04,Google Ads,Video,EdTech,UK,154805,9535,0.061593617777203576,0.96,9153.6,525,17.435428571428574,18155.37,1.9834130833770318,0.05506030414263241,9001.769999999999,0.4958185925156028
2024-05-09,TikTok Ads,Video,Fintech,Australia,41839,2991,0.07148832429073353,0.99,2961.09,45,65.802,9665.89,3.2643013214728356,0.015045135406218655,6704.799999999999,0.6936557316501636
2024-06-17,Meta Ads,Shopping,SaaS,India,127872,2953,0.023093405905905907,0.59,1742.27,150,11.615133333333333,15282.38,8.771533688808278,0.05079580088046055,13540.109999999999,0.8859948515872528
2024-11-04,Google Ads,Display,Fintech,Germany,146779,5019,0.03419426484715116,2.22,11142.18,349,31.926017191977078,91145.36,8.180208899874172,0.06953576409643356,80003.18,0.8777537331576725
2024-06-26,Google Ads,Shopping,EdTech,USA,133588,6545,0.048993921609725426,1.68,10995.6,241,45.62489626556017,34421.71,3.1304985630615882,0.03682200152788388,23426.11,0.68056206388352
2024-01-29,Google Ads,Video,Fintech,UK,82462,3916,0.047488540176081104,2.1,8223.6,199,41.32462311557789,48785.37,5.932361739384211,0.050817160367722165,40561.770000000004,0.8314330710210869
2024-01-18,Google Ads,Display,E-commerce,Australia,55248,1646,0.029792933680857225,2.6,4279.6,43,99.52558139534885,12311.15,2.876705766894102,0.02612393681652491,8031.549999999999,0.6523801594489548
2024-08-09,Google Ads,Display,Healthcare,UAE,90374,2349,0.025991988846349613,0.97,2278.53,69,33.02217391304348,5506.03,2.416483434495047,0.02937420178799489,3227.4999999999995,0.5861755202932057
2024-03-06,Meta Ads,Video,EdTech,USA,104976,1238,0.01179317177259564,1.52,1881.76,16,117.61,4162.98,2.212279993197857,0.012924071082390954,2281.2199999999993,0.5479776506252731
2024-11-10,Google Ads,Display,SaaS,Australia,124774,3481,0.027898440380207414,1.21,4212.01,113,37.274424778761066,4447.19,1.0558355749392807,0.032461936225222636,235.17999999999938,0.05288283163075996
2024-08-14,Google Ads,Search,SaaS,USA,109263,2829,0.025891655912797563,0.88,2489.52,129,19.29860465116279,14321.34,5.752651113467657,0.04559915164369035,11831.82,0.8261671044748605
2024-06-13,Google Ads,Video,Fintech,UAE,105814,6126,0.05789404048613605,2.79,17091.54,289,59.140276816609,45447.24,2.659048862770704,0.04717597126999674,28355.699999999997,0.6239256773348613
2024-08-16,TikTok Ads,Shopping,Healthcare,Canada,41113,2347,0.05708656629290006,0.96,2253.12,33,68.27636363636363,2659.26,1.1802567106945039,0.01406050276949297,406.1400000000003,0.1527266984048195
2024-01-15,Google Ads,Search,SaaS,Canada,43098,1620,0.03758875121815398,2.73,4422.6,39,113.4,7135.44,1.6134038800705466,0.024074074074074074,2712.8399999999992,0.3801923917796239
2024-08-28,Meta Ads,Display,E-commerce,Canada,25991,309,0.011888730714478088,1.52,469.68,14,33.54857142857143,2306.63,4.911067109521376,0.045307443365695796,1836.95,0.7963782661285078
2024-11-21,Google Ads,Display,EdTech,India,150778,2985,0.01979731791110109,1.39,4149.15,59,70.32457627118643,16435.61,3.961199281780606,0.019765494137353432,12286.460000000001,0.7475512013244413
2024-07-17,Google Ads,Video,EdTech,Germany,113500,7604,0.06699559471365639,1.3,9885.2,340,29.074117647058827,21520.64,2.1770566098814386,0.04471330878485008,11635.439999999999,0.5406642181645155
2024-10-31,Meta Ads,Video,EdTech,UAE,140453,4213,0.029995799306529587,1.09,4592.17,56,82.00303571428572,4347.77,0.9467789737749257,0.013292190837882745,-244.39999999999964,-0.05621272514415427
2024-04-21,TikTok Ads,Display,SaaS,Germany,27936,1402,0.05018613974799542,1.32,1850.64,99,18.693333333333335,26865.9,14.51708598106601,0.07061340941512126,25015.260000000002,0.9311156521836231
2024-02-27,TikTok Ads,Display,SaaS,UK,133303,4225,0.031694710546649366,1.53,6464.25,139,46.50539568345324,8508.68,1.316267161697026,0.03289940828402367,2044.4300000000003,0.2402758124644481
2024-05-02,Google Ads,Video,EdTech,UAE,117333,2898,0.024698933803789215,3.93,11389.14,48,237.27374999999998,5367.73,0.4713024864037144,0.016563146997929608,-6021.41,-1.1217795977070382
2024-09-14,Meta Ads,Display,SaaS,USA,152680,6214,0.04069950222687975,2.1,13049.4,283,46.11095406360424,13261.37,1.016243658712278,0.04554232378500161,211.97000000000116,0.015984019750599005
2024-09-20,Google Ads,Display,Healthcare,USA,168384,4681,0.027799553401748386,2.57,12030.17,267,45.05681647940075,58628.48,4.873453991090733,0.057039094210638755,46598.310000000005,0.7948067219208139
2024-08-22,Google Ads,Display,Fintech,Australia,106026,5152,0.04859185482806104,1.72,8861.44,240,36.92266666666667,50663.13,5.717257014661273,0.046583850931677016,41801.689999999995,0.8250909487826749
2024-04-22,Google Ads,Search,E-commerce,Germany,107364,4895,0.045592563615364554,2.65,12971.75,200,64.85875,42108.23,3.246148746314106,0.04085801838610827,29136.480000000003,0.6919426439914478
2024-06-25,Google Ads,Video,EdTech,UK,132152,7572,0.057297657243174524,1.14,8632.08,552,15.637826086956522,115644.47,13.397057256188543,0.07290015847860538,107012.39,0.9253567420906508
2024-07-14,Google Ads,Shopping,Fintech,Australia,116695,5799,0.049693645828870134,3.13,18150.87,372,48.79266129032258,56034.95,3.087177088481158,0.06414899120538024,37884.08,0.676079482537238
2024-11-28,Meta Ads,Search,E-commerce,UK,116030,4177,0.035999310523140565,0.9,3759.3,188,19.996276595744682,8691.11,2.31189583167079,0.04500837921953555,4931.81,0.5674545598893582
2024-08-11,TikTok Ads,Search,E-commerce,Australia,164599,11209,0.06809883413629488,0.41,4595.69,653,7.037810107197549,133415.01,29.030463325420126,0.058256757962351684,128819.32,0.9655534261100006
2024-04-18,TikTok Ads,Video,Fintech,India,188844,12860,0.06809853635805214,0.98,12602.8,892,14.128699551569506,133607.64,10.601425080140922,0.06936236391912909,121004.84000000001,0.9056730588160976
2024-09-10,TikTok Ads,Search,E-commerce,Canada,90468,5753,0.06359154618207544,0.8,4602.4,141,32.641134751773045,12042.73,2.616619589779246,0.024508951851208067,7440.33,0.6178275191754694
2024-06-24,Google Ads,Video,E-commerce,Australia,117223,7935,0.06769149399008727,2.02,16028.7,166,96.55843373493977,47449.87,2.960306824633314,0.02091997479521109,31421.170000000002,0.6621971777794122
2024-03-26,TikTok Ads,Shopping,SaaS,Germany,93478,5786,0.06189691692162862,0.42,2430.12,272,8.934264705882352,27905.19,11.483050219742235,0.04701002419633599,25475.07,0.9129151243908391
2024-11-29,Google Ads,Video,EdTech,Canada,9134,228,0.02496168162907817,1.39,316.92,2,158.46,329.55,1.0398523286633852,0.008771929824561403,12.629999999999995,0.038324988620846594
2024-05-10,Meta Ads,Display,E-commerce,UAE,29485,1341,0.04548075292521621,1.41,1890.81,46,41.104565217391304,4626.55,2.446861398025185,0.0343027591349739,2735.7400000000002,0.5913131815283527
2024-12-23,TikTok Ads,Video,SaaS,Canada,22221,1706,0.07677422258224202,0.5,853.0,74,11.527027027027026,14659.06,17.18529894490035,0.04337631887456037,13806.06,0.9418107300195238
2024-06-19,Google Ads,Display,SaaS,Germany,178567,8374,0.04689556300996265,1.33,11137.42,98,113.64714285714285,8808.29,0.7908734697982118,0.01170288989730117,-2329.129999999999,-0.26442476348984867
2024-10-06,TikTok Ads,Display,E-commerce,Australia,93074,4225,0.04539398757977523,1.54,6506.5,300,21.688333333333333,11467.08,1.7624037500960579,0.07100591715976332,4960.58,0.43259312745703354
2024-12-24,Google Ads,Search,Healthcare,Australia,155840,4566,0.02929928131416838,1.12,5113.92,312,16.39076923076923,40138.5,7.848871315937676,0.0683311432325887,35024.58,0.8725931462311746
2024-07-21,TikTok Ads,Display,E-commerce,India,21956,1611,0.07337402076881035,1.41,2271.51,79,28.75329113924051,9545.28,4.202173884332448,0.04903786468032278,7273.77,0.762027934225083
2024-05-06,Meta Ads,Search,E-commerce,USA,177224,2374,0.013395476910576446,1.57,3727.18,142,26.24774647887324,18303.42,4.910795829554784,0.05981465880370682,14576.239999999998,0.7963670177485955
2024-11-04,Google Ads,Search,EdTech,UAE,93720,2661,0.028393085787451984,1.7,4523.7,104,43.497115384615384,18904.07,4.178895594314389,0.03908305148440436,14380.369999999999,0.7607023249490718
2024-05-28,Google Ads,Display,EdTech,USA,169909,7781,0.04579510208405676,2.5,19452.5,124,156.875,26123.28,1.3429266161161804,0.01593625498007968,6670.779999999999,0.2553576733090178
2024-08-05,Meta Ads,Video,Healthcare,USA,46548,1047,0.022492910543954626,1.55,1622.85,28,57.958928571428565,7800.92,4.806926086822566,0.026743075453677174,6178.07,0.7919668449362383
2024-12-08,Meta Ads,Search,Healthcare,USA,6875,158,0.022981818181818183,1.83,289.14,2,144.57,386.94,1.3382444490558207,0.012658227848101266,97.80000000000001,0.2527523647077067
2024-12-26,Google Ads,Search,SaaS,India,106975,4300,0.04019630754849264,2.39,10277.0,335,30.677611940298508,35904.36,3.4936615743894133,0.07790697674418605,25627.36,0.7137673530457025
2024-02-08,Google Ads,Shopping,SaaS,UK,10574,389,0.03678834878002648,2.59,1007.51,6,167.91833333333332,908.68,0.9019066808269892,0.015424164524421594,-98.83000000000004,-0.10876216049654448
2024-07-16,TikTok Ads,Video,Fintech,Australia,147658,6939,0.046993728751574586,0.86,5967.54,282,21.161489361702127,39581.75,6.632842008599859,0.040639861651534805,33614.21,0.8492350641394076
2024-06-02,Meta Ads,Shopping,SaaS,Canada,52013,1565,0.03008863168823179,1.03,1611.95,23,70.08478260869565,6481.69,4.021024225317162,0.014696485623003195,4869.74,0.7513071436616068
2024-10-18,Google Ads,Search,E-commerce,India,49484,1118,0.022593161425915446,2.05,2291.9,79,29.011392405063294,18417.53,8.035922160652733,0.0706618962432916,16125.63,0.8755587747108325
2024-07-04,Google Ads,Search,Healthcare,USA,18877,545,0.028871112994649572,3.2,1744.0,26,67.07692307692308,5981.0,3.42947247706422,0.047706422018348627,4237.0,0.7084099648888146
2024-04-15,Meta Ads,Shopping,Healthcare,UK,106505,1022,0.009595793624712455,1.8,1839.6,27,68.13333333333333,2467.18,1.3411502500543597,0.026418786692759294,627.5799999999999,0.254371387576099
2024-05-25,Google Ads,Search,E-commerce,India,65107,1777,0.027293532185479287,1.63,2896.51,128,22.628984375,29612.56,10.2235310770548,0.07203151378728194,26716.050000000003,0.9021864371064171
2024-03-02,Google Ads,Shopping,SaaS,India,69839,1620,0.02319620842222827,1.26,2041.2,80,25.515,22785.52,11.162806192435822,0.04938271604938271,20744.32,0.9104167910146443
2024-02-27,Google Ads,Video,SaaS,USA,104794,5920,0.056491783880756534,3.66,21667.2,359,60.35431754874652,21837.83,1.007875036922168,0.06064189189189189,170.63000000000102,0.007813505279599713
2024-04-14,Meta Ads,Video,EdTech,USA,33549,1224,0.03648394885093446,0.76,930.24,89,10.452134831460674,26101.34,28.058716030271757,0.0727124183006536,25171.1,0.9643604504596315
2024-02-17,Google Ads,Video,SaaS,Germany,133027,7808,0.05869485142114007,1.26,9838.08,153,64.30117647058823,22193.12,2.2558385376008325,0.0195952868852459,12355.039999999999,0.5567058619968711
2024-11-12,Meta Ads,Video,EdTech,Germany,27419,1192,0.04347350377475473,1.83,2181.36,38,57.404210526315794,5935.39,2.7209584846151027,0.031879194630872486,3754.03,0.6324824484995931
2024-05-24,Google Ads,Video,Healthcare,Canada,102648,2330,0.02269893227340036,2.55,5941.5,157,37.84394904458599,28653.63,4.822625599596062,0.06738197424892704,22712.13,0.7926440733687146
2024-01-20,Google Ads,Display,E-commerce,Canada,181687,8321,0.04579854364924293,3.14,26127.94,651,40.13508448540706,189283.47,7.244485022546745,0.07823578896767215,163155.53,0.8619639633614071
2024-07-22,Google Ads,Display,SaaS,UK,166792,6071,0.03639862823156986,3.15,19123.65,323,59.20634674922601,23590.83,1.233594528241209,0.05320375555921594,4467.18,0.1893608660653313
2024-06-26,TikTok Ads,Search,SaaS,USA,7889,416,0.05273165166687793,1.0,416.0,16,26.0,2147.95,5.163341346153846,0.038461538461538464,1731.9499999999998,0.8063269629181312
2024-11-14,Meta Ads,Video,E-commerce,India,129746,4891,0.037696730535045395,1.81,8852.71,117,75.66418803418803,26101.17,2.9483819079129443,0.02392148844817011,17248.46,0.6608309129437493
2024-03-17,Google Ads,Display,E-commerce,Germany,94506,3269,0.03459039637694961,1.56,5099.64,193,26.42300518134715,7342.38,1.4397839847518648,0.05903946160905476,2242.74,0.3054513659058779
2024-05-17,Google Ads,Display,EdTech,Canada,12086,594,0.04914777428429588,2.46,1461.24,21,69.58285714285714,3418.15,2.339211902220032,0.03535353535353535,1956.91,0.5725055951318696
2024-05-07,TikTok Ads,Display,SaaS,UK,145497,4743,0.03259861028062434,0.35,1660.05,313,5.30367412140575,81349.35,49.004156501310206,0.06599198819312671,79689.3,0.97959356774209
2024-05-18,Meta Ads,Search,EdTech,UAE,14491,259,0.017873162652680973,1.7,440.3,3,146.76666666666668,260.32,0.5912332500567794,0.011583011583011582,-179.98000000000002,-0.6913798401966811
2024-03-13,Meta Ads,Shopping,Fintech,UAE,156043,4478,0.028697218074505104,1.33,5955.74,193,30.858756476683936,22322.38,3.7480447433904103,0.04309959803483698,16366.640000000001,0.7331942203295527
2024-07-19,TikTok Ads,Display,Healthcare,UK,115304,3551,0.030796850065912717,1.56,5539.56,232,23.87741379310345,22178.1,4.00358512228408,0.06533370881441847,16638.539999999997,0.750223869492878
2024-09-24,TikTok Ads,Shopping,Fintech,UAE,132571,9147,0.06899699029199448,1.02,9329.94,502,18.58553784860558,55471.3,5.945515190880113,0.05488138187383842,46141.36,0.8318059969750122
2024-11-13,Google Ads,Display,E-commerce,UAE,92502,2960,0.03199930812306761,2.06,6097.6,201,30.3363184079602,47885.36,7.853148779847809,0.0679054054054054,41787.76,0.8726625423720319
2024-11-23,Google Ads,Display,EdTech,USA,133792,6943,0.05189398469265726,2.35,16316.05,186,87.72069892473118,17630.23,1.0805452300035854,0.02678957223102405,1314.1800000000003,0.07454128505413715
2024-12-26,Google Ads,Display,EdTech,UK,77258,3963,0.05129565870201144,1.8,7133.4,135,52.839999999999996,34518.13,4.838944963131185,0.03406510219530658,27384.729999999996,0.7933433821588828
2024-05-10,Google Ads,Display,EdTech,UAE,74672,2665,0.03568941504178273,1.56,4157.4,129,32.22790697674418,32318.91,7.773827392120076,0.048405253283302065,28161.510000000002,0.8713632359507175
2024-04-18,TikTok Ads,Search,Healthcare,Australia,41558,1757,0.04227826170653063,1.21,2125.97,72,29.52736111111111,18414.15,8.661528619877046,0.040978941377347755,16288.180000000002,0.8845469380883723
2024-12-05,Google Ads,Shopping,Healthcare,Australia,134560,5947,0.04419589774078478,2.84,16889.48,144,117.28805555555556,23257.77,1.3770566056503812,0.024213889355977805,6368.290000000001,0.27381343955159937
2024-05-26,TikTok Ads,Search,E-commerce,Canada,143518,10491,0.07309884474421327,0.85,8917.35,313,28.489936102236424,46285.52,5.1905016624894165,0.02983509674959489,37368.17,0.8073403950090655
2024-10-09,Meta Ads,Video,Fintech,UK,7402,91,0.012293974601459066,2.08,189.28,6,31.546666666666667,1105.17,5.838810228233306,0.06593406593406594,915.8900000000001,0.8287322312404427
2024-09-25,Google Ads,Shopping,EdTech,Australia,49225,2367,0.04808532249873032,1.84,4355.28,137,31.79036496350365,8811.53,2.023183354457119,0.05787917194761301,4456.250000000001,0.50572942496933
2024-07-28,Google Ads,Video,Healthcare,India,173678,11428,0.06579992860350764,2.11,24113.08,310,77.78412903225806,83080.36,3.4454478648103017,0.027126356317815892,58967.28,0.7097619702177506
2024-03-07,Meta Ads,Display,Healthcare,Australia,92793,1261,0.013589387130494757,0.37,466.57,80,5.832125,13024.34,27.91508240992777,0.063441712926249,12557.77,0.9641770715445083
2024-08-09,TikTok Ads,Video,SaaS,UK,122408,6671,0.05449807202143651,1.17,7805.07,293,26.638464163822526,67215.82,8.611815140671386,0.04392145105681307,59410.75000000001,0.8838804614746946
2024-07-04,TikTok Ads,Search,E-commerce,UAE,162826,7815,0.04799602029159962,1.64,12816.6,120,106.805,13520.75,1.0549404678307819,0.015355086372360844,704.1499999999996,0.05207921158219771
2024-07-10,Meta Ads,Shopping,Healthcare,India,134614,3190,0.02369738660169076,1.78,5678.2,188,30.2031914893617,41736.54,7.3503117185023426,0.05893416927899686,36058.340000000004,0.8639513481472111
2024-03-18,Google Ads,Shopping,Fintech,India,116451,3388,0.02909378193403234,3.39,11485.32,188,61.092127659574466,28791.61,2.5068182688858474,0.05548996458087367,17306.29,0.6010879558315774
2024-02-13,Google Ads,Search,E-commerce,Germany,188276,11277,0.0598961099662198,2.48,27966.96,554,50.48187725631769,89376.47,3.195787815336383,0.04912654074665248,61409.51,0.6870881116696598
2024-07-14,Meta Ads,Search,Fintech,Australia,165552,4337,0.02619720691988016,2.22,9628.14,132,72.94045454545454,21448.35,2.2276732577631817,0.03043578510491123,11820.21,0.5511011336536377
2024-08-18,Meta Ads,Video,EdTech,UK,82271,3397,0.041290369632069626,0.52,1766.44,36,49.06777777777778,6412.73,3.630312945811915,0.010597586105387106,4646.289999999999,0.7245416538666059
2024-12-30,TikTok Ads,Search,Fintech,Germany,61921,3814,0.061594612490108364,0.31,1182.34,50,23.6468,8842.35,7.4786863338802725,0.013109596224436287,7660.01,0.8662866771842327
2024-09-26,Google Ads,Shopping,E-commerce,Canada,161089,6540,0.040598675266467606,2.1,13734.0,285,48.189473684210526,49746.79,3.622163244502694,0.04357798165137615,36012.79,0.723921885211086
2024-09-13,Google Ads,Shopping,Healthcare,USA,85618,2679,0.031290149267677356,0.92,2464.68,74,33.306486486486484,6024.46,2.4443173150266975,0.027622247107129527,3559.78,0.5908878140115463
2024-12-12,Meta Ads,Search,Healthcare,Australia,30457,606,0.01989690383163148,0.58,351.48,34,10.33764705882353,4981.94,14.174177762603845,0.056105610561056105,4630.459999999999,0.9294491704034973
2024-01-25,TikTok Ads,Search,E-commerce,India,46420,1880,0.040499784575613956,1.9,3572.0,113,31.61061946902655,5769.59,1.6152267637178053,0.0601063829787234,2197.59,0.380891883132077
2024-08-21,Google Ads,Search,E-commerce,UK,180746,5024,0.027795912495988846,1.28,6430.72,64,100.48,17709.21,2.7538456036027066,0.012738853503184714,11278.489999999998,0.6368714358235065
2024-06-26,TikTok Ads,Search,SaaS,Germany,131244,5604,0.042699094815763006,0.38,2129.52,229,9.299213973799127,65541.49,30.777588376723397,0.04086366880799429,63411.97000000001,0.9675088253257593
2024-03-01,Google Ads,Search,E-commerce,Germany,86678,2158,0.024896744271902905,1.45,3129.1,163,19.196932515337423,27708.88,8.855223546706721,0.07553290083410566,24579.780000000002,0.8870723031750111
2024-11-03,Google Ads,Display,EdTech,Canada,70226,4037,0.0574858314584342,2.16,8719.92,240,36.333,68153.47,7.815836613179938,0.0594500866980431,59433.55,0.8720546437327402
2024-12-01,Google Ads,Search,Fintech,Germany,124119,6416,0.051692327524391915,2.55,16360.8,358,45.700558659217876,48445.72,2.9610850325167477,0.05579800498753117,32084.920000000002,0.6622859563239023
2024-05-16,Google Ads,Shopping,Healthcare,UAE,126292,5165,0.04089728565546511,1.49,7695.85,110,69.96227272727273,14074.18,1.8288012370303475,0.021297192642787996,6378.33,0.45319372069989156
2024-02-23,Google Ads,Video,E-commerce,Canada,189935,10161,0.053497249058888564,1.49,15139.89,615,24.61770731707317,31748.86,2.0970337300997564,0.06052553882491881,16608.97,0.5231359488183198
2024-04-16,Google Ads,Display,EdTech,UAE,103066,2380,0.02309199930141851,2.49,5926.2,121,48.97685950413223,20395.26,3.4415409537308896,0.05084033613445378,14469.059999999998,0.7094324857834614
2024-03-30,Meta Ads,Shopping,E-commerce,USA,11083,193,0.017414057565641072,0.83,160.19,11,14.562727272727273,912.82,5.69835819963793,0.05699481865284974,752.6300000000001,0.8245108564667734
2024-04-25,Meta Ads,Display,EdTech,UAE,6074,128,0.02107342772472835,1.51,193.28,5,38.656,1253.71,6.486496274834437,0.0390625,1060.43,0.8458335659761828
2024-10-11,TikTok Ads,Video,Healthcare,Canada,54752,2814,0.05139538281706604,0.86,2420.04,137,17.664525547445255,13580.22,5.611568403828036,0.04868514570007108,11160.18,0.8217967013789174
2024-02-10,Meta Ads,Video,Healthcare,UK,141313,4762,0.033698244322886074,1.05,5000.1,207,24.155072463768118,26737.15,5.347323053538929,0.04346913061738765,21737.050000000003,0.8129905393805997
2024-11-28,TikTok Ads,Display,EdTech,USA,34669,1965,0.05667887738325305,1.61,3163.65,74,42.752027027027026,12153.4,3.8415753955083525,0.037659033078880404,8989.75,0.7396901278654533
2024-03-17,Meta Ads,Display,E-commerce,Australia,104714,1015,0.009693068739614568,0.93,943.95,78,12.101923076923077,20952.03,22.19612267598919,0.07684729064039408,20008.079999999998,0.9549470862727859
2024-05-30,TikTok Ads,Video,Healthcare,UAE,109733,6616,0.06029179918529522,0.91,6020.56,516,11.667751937984496,53965.61,8.963553224284784,0.07799274486094317,47945.05,0.8884370991081172
2024-09-16,TikTok Ads,Display,SaaS,USA,67502,5859,0.08679742822434891,0.48,2812.32,395,7.119797468354431,42271.31,15.030761079820218,0.06741764806280935,39458.99,0.9334697694488295
2024-04-24,Google Ads,Display,E-commerce,Canada,129121,4893,0.03789468792837726,2.56,12526.08,137,91.43124087591241,7241.16,0.5780866799509503,0.027999182505620272,-5284.92,-0.7298443895729414
2024-03-25,Google Ads,Video,Fintech,USA,173102,4414,0.025499416528982913,3.4,15007.6,341,44.01055718475074,52487.34,3.4973839921106635,0.07725419120978703,37479.74,0.7140720028867914
2024-03-27,Google Ads,Shopping,EdTech,Canada,140607,6397,0.04549560121473326,1.43,9147.71,393,23.27661577608142,82224.93,8.98858074862452,0.06143504767859934,73077.22,0.8887477313753871
2024-01-11,Google Ads,Search,Healthcare,Germany,48351,2156,0.04459059791938119,3.16,6812.96,83,82.08385542168675,7504.87,1.101557913153754,0.03849721706864564,691.9099999999999,0.09219480150888688
2024-04-06,TikTok Ads,Video,Fintech,Germany,118135,8151,0.06899733355906379,0.69,5624.19,428,13.140630841121494,64189.34,11.413081705987885,0.052508894614157774,58565.149999999994,0.9123812458579571
2024-06-25,TikTok Ads,Search,Fintech,UK,20185,878,0.04349764676740154,0.61,535.58,27,19.836296296296297,7476.28,13.959221778259082,0.030751708428246014,6940.7,0.9283627686496493
2024-11-29,TikTok Ads,Video,E-commerce,Australia,50802,3617,0.07119798433132554,0.42,1519.14,279,5.44494623655914,22644.29,14.905992864383796,0.07713574785734034,21125.15,0.9329128888563077
2024-08-14,Meta Ads,Shopping,E-commerce,Canada,34048,694,0.02038298872180451,1.45,1006.3,49,20.53673469387755,12555.06,12.47645831263043,0.07060518731988473,11548.76,0.9198490489093641
2024-02-23,TikTok Ads,Video,SaaS,UAE,56672,2397,0.04229601919819311,0.48,1150.56,138,8.337391304347825,33165.74,28.825737032401612,0.057571964956195244,32015.179999999997,0.965308779481477
2024-05-15,Google Ads,Video,Fintech,UAE,128962,7337,0.056892728090445245,1.35,9904.95,226,43.827212389380534,26098.81,2.6349259713577555,0.030802780427967833,16193.86,0.6204826963374959
2024-09-22,Meta Ads,Video,Healthcare,UK,15532,593,0.038179242853463816,1.43,847.99,45,18.84422222222222,2243.79,2.646009976532742,0.07588532883642496,1395.8,0.6220724755881789
2024-08-15,Google Ads,Video,Fintech,Australia,154666,5939,0.0383988724089328,1.28,7601.92,366,20.770273224043716,24965.13,3.2840558700959757,0.06162653645394848,17363.21,0.6954984812816917
2024-08-22,TikTok Ads,Video,E-commerce,USA,9722,455,0.046801069738736885,1.21,550.55,29,18.98448275862069,3533.89,6.418835709744801,0.06373626373626373,2983.34,0.8442085067729896
2024-08-10,Google Ads,Display,Fintech,Australia,24464,511,0.020887835186396336,1.12,572.32,20,28.616000000000003,5921.83,10.347061084707855,0.03913894324853229,5349.51,0.9033541996308574
2024-02-09,Meta Ads,Video,E-commerce,India,170413,3936,0.023096829467235482,0.71,2794.56,63,44.35809523809524,12671.79,4.534449072483683,0.01600609756097561,9877.230000000001,0.7794660422876326
2024-03-12,TikTok Ads,Video,Fintech,Germany,109205,4499,0.041197747355890296,0.84,3779.16,49,77.12571428571428,13660.38,3.61466040072397,0.010891309179817737,9881.22,0.7233488380264678
2024-08-20,Google Ads,Shopping,E-commerce,Germany,161926,5424,0.033496782480886333,3.29,17844.96,87,205.11448275862068,11807.21,0.6616551676215581,0.016039823008849558,-6037.75,-0.5113612784053134
2024-10-14,Meta Ads,Search,E-commerce,UK,125725,1646,0.013092066017100815,0.81,1333.26,19,70.17157894736842,2319.58,1.7397806879378366,0.011543134872417983,986.3199999999999,0.4252149095957027
2024-05-17,TikTok Ads,Video,Healthcare,UAE,116301,4198,0.036095992295853,1.45,6087.1,212,28.712735849056607,37780.9,6.206715841698017,0.0505002382086708,31693.800000000003,0.8388841981000983
2024-12-12,Google Ads,Shopping,SaaS,Canada,88251,2665,0.030197958096792106,1.29,3437.85,151,22.767218543046358,17509.21,5.093069796529808,0.05666041275797373,14071.359999999999,0.8036547622651165
2024-10-12,Google Ads,Video,EdTech,Germany,185378,3244,0.017499379645912676,1.82,5904.08,246,24.000325203252032,67552.8,11.44171488191217,0.07583230579531443,61648.72,0.9126005139683329
2024-08-13,Meta Ads,Shopping,SaaS,USA,177905,5532,0.03109524746353391,0.98,5421.36,370,14.652324324324324,14673.05,2.706525668835864,0.06688358640636298,9251.689999999999,0.6305226248121556
2024-08-16,Meta Ads,Video,E-commerce,Canada,122845,2714,0.022092881273149092,0.57,1546.98,143,10.818041958041958,36419.79,23.542508629717254,0.052689756816507,34872.81,0.9575236430523074
2024-06-17,Meta Ads,Video,Healthcare,Germany,36017,1210,0.033595246689063496,1.01,1222.1,28,43.646428571428565,1258.31,1.0296293265690206,0.023140495867768594,36.210000000000036,0.028776692547941317
2024-05-13,Google Ads,Search,EdTech,USA,71267,3962,0.05559375306944308,0.93,3684.66,287,12.838536585365853,50107.59,13.598972496783963,0.07243816254416961,46422.92999999999,0.926465032542974
2024-01-04,Meta Ads,Display,EdTech,India,97152,1156,0.011898880105401844,0.54,624.24,43,14.51720930232558,4965.75,7.9548731257208765,0.037197231833910036,4341.51,0.8742908926144087
2024-09-03,Meta Ads,Shopping,E-commerce,USA,33834,906,0.026777797481823018,0.88,797.28,23,34.66434782608695,2361.23,2.9616069636765,0.025386313465783666,1563.95,0.6623454724867972
2024-12-14,TikTok Ads,Shopping,E-commerce,Canada,183775,7093,0.038596109372874436,1.0,7093.0,373,19.01608579088472,88634.0,12.495981954039193,0.05258705766248414,81541.0,0.9199742762371099
2024-08-31,Meta Ads,Search,Fintech,UAE,199405,5204,0.026097640480429278,0.96,4995.84,333,15.002522522522524,25169.83,5.038157747245709,0.06398923904688701,20173.99,0.801514750000298
2024-03-19,TikTok Ads,Search,Healthcare,Germany,169512,9475,0.055895747793666524,1.41,13359.75,203,65.8115763546798,26995.02,2.0206231404030763,0.02142480211081794,13635.27,0.5051031634723738
2024-11-06,Google Ads,Display,EdTech,India,14884,541,0.03634775597957538,3.25,1758.25,43,40.88953488372093,4123.58,2.345275131522821,0.07948243992606285,2365.33,0.5736107945038049
2024-11-19,TikTok Ads,Shopping,Healthcare,Germany,47623,1695,0.03559204586019361,1.85,3135.75,36,87.10416666666667,9884.86,3.1523112493024,0.021238938053097345,6749.110000000001,0.6827724418959904
2024-11-24,Meta Ads,Search,E-commerce,USA,102780,1952,0.01899202179412337,1.2,2342.4,63,37.180952380952384,16160.9,6.899291325136612,0.03227459016393443,13818.5,0.8550575772388914
2024-02-10,Google Ads,Shopping,Healthcare,Australia,167717,4142,0.02469636351711514,1.73,7165.66,71,100.92478873239436,15937.54,2.224155206917437,0.017141477547078707,8771.880000000001,0.5503910892145212
2024-09-05,Meta Ads,Search,E-commerce,UK,189598,6673,0.03519551894007321,1.99,13279.27,170,78.11335294117647,36177.68,2.7243726500025978,0.02547579799190769,22898.41,0.6329430190106164
2024-01-21,TikTok Ads,Display,SaaS,Germany,92273,6237,0.06759290366629458,1.41,8794.17,291,30.220515463917526,72065.02,8.194635764375718,0.046657046657046654,63270.850000000006,0.8779689508169151
2024-09-05,Google Ads,Display,Fintech,UK,118884,5932,0.04989737895763938,2.95,17499.4,450,38.88755555555556,121374.91,6.93594694675246,0.07585974376264329,103875.51000000001,0.8558235800133652
2024-04-04,Google Ads,Search,Healthcare,Australia,84303,4417,0.052394339465973924,3.12,13781.04,100,137.81040000000002,20354.89,1.4770213278533404,0.022639800769753225,6573.8499999999985,0.3229617060077455
2024-01-04,Google Ads,Video,EdTech,Germany,89730,4621,0.05149894126824919,2.68,12384.28,277,44.708592057761734,13483.54,1.0887625279790185,0.05994373512226791,1099.2600000000002,0.08152606808004427
2024-11-30,Google Ads,Search,SaaS,UK,174737,5207,0.029799069458672178,1.44,7498.08,398,18.839396984924623,90351.24,12.049916778695346,0.07643556750528135,82853.16,0.9170118749892088
2024-09-10,Google Ads,Shopping,Healthcare,Germany,145508,7158,0.04919317150947027,1.44,10307.52,566,18.21116607773852,76404.29,7.412480402657477,0.07907236658284438,66096.76999999999,0.8650923920633252
2024-04-24,Google Ads,Shopping,EdTech,Australia,75649,1792,0.023688350143425557,2.78,4981.76,110,45.28872727272727,12588.99,2.5270165563977387,0.06138392857142857,7607.23,0.6042764352025063
2024-03-25,TikTok Ads,Display,E-commerce,UK,85522,3378,0.039498608545169664,0.35,1182.3,167,7.079640718562874,30312.31,25.638425103611606,0.049437537004144466,29130.010000000002,0.9609960441813904
2024-11-19,Meta Ads,Shopping,Healthcare,Canada,19588,434,0.02215642229936696,1.77,768.18,5,153.636,560.03,0.7290348616209743,0.01152073732718894,-208.14999999999998,-0.37167651732942875
2024-11-02,TikTok Ads,Video,E-commerce,Canada,92985,8024,0.08629348819702103,0.85,6820.4,520,13.116153846153846,150774.99,22.106473227376693,0.06480558325024925,143954.59,0.9547643810157109
2024-03-21,Google Ads,Video,E-commerce,USA,134198,2670,0.019895974604688595,3.15,8410.5,71,118.45774647887323,14769.75,1.7561084358837167,0.02659176029962547,6359.25,0.4305590819072767
2024-12-06,TikTok Ads,Search,E-commerce,Canada,25951,809,0.03117413587145004,0.48,388.32,61,6.365901639344262,10397.04,26.77441285537701,0.0754017305315204,10008.720000000001,0.9626509083354493
2024-10-19,Google Ads,Shopping,E-commerce,UK,55385,1678,0.03029701182630676,1.44,2416.32,64,37.755,18110.48,7.495066878559131,0.03814064362336114,15694.16,0.8665789090073813
2024-01-01,Google Ads,Search,SaaS,India,21702,1000,0.04607870242373975,3.17,3170.0,17,186.47058823529412,3670.88,1.158006309148265,0.017,500.8800000000001,0.13644684653271152
2024-02-27,TikTok Ads,Search,SaaS,UAE,195972,13796,0.07039781193231687,0.5,6898.0,645,10.694573643410854,54701.33,7.930027544215715,0.04675268193679327,47803.33,0.8738970332165599
2024-09-12,Meta Ads,Search,Healthcare,UAE,73447,2401,0.032690239220117906,1.44,3457.44,93,37.17677419354839,11150.38,3.2250393354620757,0.038733860891295296,7692.939999999999,0.6899262626027094
2024-10-17,Meta Ads,Search,Healthcare,UAE,55867,1681,0.03008931927613797,1.98,3328.38,32,104.011875,3790.94,1.1389745161309706,0.01903628792385485,462.55999999999995,0.1220172305549547
2024-05-19,Google Ads,Display,Fintech,UK,64567,1439,0.02228692675825112,2.29,3295.31,64,51.48921875,4231.38,1.2840612871019723,0.04447533009034051,936.0700000000002,0.22122097282683195
2024-07-02,TikTok Ads,Shopping,SaaS,Canada,97254,3374,0.0346926604561252,1.65,5567.1,63,88.36666666666667,17255.15,3.09948626753606,0.01867219917012448,11688.050000000001,0.6773658878653619
2024-01-20,Meta Ads,Shopping,Healthcare,UK,147897,2144,0.01449657531931006,1.94,4159.36,24,173.30666666666664,3826.61,0.9199997114940761,0.011194029850746268,-332.74999999999955,-0.08695686260162377
2024-09-13,Meta Ads,Display,Healthcare,Germany,115379,5134,0.04449683217916605,2.41,12372.94,391,31.644347826086957,109895.16,8.881895491289864,0.076158940397351,97522.22,0.8874114201207769
2024-03-03,Google Ads,Search,Fintech,UK,51566,1531,0.029690105883721833,1.39,2128.09,112,19.000803571428573,6716.48,3.1561071195297186,0.07315480078380143,4588.389999999999,0.6831539735099338
2024-06-18,Google Ads,Search,Healthcare,UAE,184889,6212,0.033598537500878906,2.17,13480.04,73,184.65808219178084,2434.91,0.18063076964163308,0.011751448808757245,-11045.130000000001,-4.536155340443796
2024-04-17,TikTok Ads,Shopping,EdTech,Australia,100028,7402,0.07399928020154357,0.73,5403.46,100,54.0346,7280.48,1.3473737198017566,0.013509862199405566,1877.0199999999995,0.257815418763598
2024-07-31,TikTok Ads,Search,EdTech,India,29741,1287,0.04327359537339027,1.23,1583.01,55,28.782,6012.36,3.7980556029336516,0.042735042735042736,4429.349999999999,0.7367073827914495
2024-03-12,Google Ads,Shopping,Fintech,Australia,155033,5782,0.037295285519857065,2.17,12546.94,248,50.5925,71470.23,5.696227924896428,0.04289173296437219,58923.28999999999,0.8244452270546772
2024-08-15,TikTok Ads,Shopping,Fintech,Canada,13562,790,0.05825099542840289,1.18,932.2,40,23.305,7014.55,7.52472645355074,0.05063291139240506,6082.35,0.8671048035868303
2024-01-18,Meta Ads,Shopping,Healthcare,UAE,84830,2612,0.030790993752210304,1.98,5171.76,84,61.56857142857143,6284.59,1.2151743313688184,0.03215926493108729,1112.83,0.17707280825002106
2024-05-21,Meta Ads,Shopping,Healthcare,Germany,119427,1146,0.009595820040694316,1.93,2211.78,27,81.91777777777779,5094.36,2.3032851368580958,0.02356020942408377,2882.5799999999995,0.56583751442772
2024-08-15,Google Ads,Shopping,EdTech,India,175623,9483,0.05399634444235664,0.97,9198.51,268,34.322798507462686,79311.56,8.622218163593885,0.028261098808393968,70113.05,0.8840205639631853
2024-07-25,Google Ads,Search,SaaS,Australia,93919,4968,0.05289664498131368,2.55,12668.4,308,41.13116883116883,66254.75,5.229922484291623,0.061996779388083734,53586.35,0.808792577135979
2024-11-04,TikTok Ads,Display,Fintech,UAE,46190,3030,0.06559861441870535,0.42,1272.6,183,6.954098360655737,38945.83,30.603355335533557,0.060396039603960394,37673.23,0.96732384442699
2024-10-29,Meta Ads,Display,Healthcare,Australia,152996,3136,0.020497267902428822,1.79,5613.44,82,68.45658536585366,6472.17,1.1529774968646678,0.02614795918367347,858.7300000000005,0.1326803838588913
2024-06-03,TikTok Ads,Shopping,E-commerce,UAE,62600,3142,0.05019169329073483,0.71,2230.82,245,9.105387755102042,17495.08,7.842443585766669,0.07797581158497773,15264.260000000002,0.8724887225437095
2024-02-29,Meta Ads,Search,E-commerce,UAE,36127,610,0.016884878345835526,1.11,677.1,45,15.046666666666667,6906.4,10.199970462265544,0.07377049180327869,6229.299999999999,0.901960500405421
2024-04-28,TikTok Ads,Video,EdTech,India,110940,6512,0.058698395529114836,1.41,9181.92,108,85.01777777777778,14612.87,1.5914830449404918,0.016584766584766583,5430.950000000001,0.3716552600550063
2024-04-01,Meta Ads,Search,E-commerce,UK,91332,3762,0.04119038234134805,0.65,2445.3,125,19.5624,31285.11,12.793976199239356,0.03322700691121744,28839.81,0.9218382163271921
2024-08-27,TikTok Ads,Video,EdTech,UAE,149526,4321,0.02889798429704533,0.78,3370.38,120,28.0865,25118.55,7.4527352998771645,0.0277713492247165,21748.17,0.8658210764554483
2024-04-29,Meta Ads,Search,Healthcare,USA,77746,2861,0.036799320865382144,1.04,2975.44,82,36.28585365853659,21523.93,7.2338645712902965,0.028661307235232435,18548.49,0.8617613047431394
2024-04-17,Google Ads,Video,Healthcare,UK,105804,3110,0.0293939737628067,0.97,3016.7,200,15.083499999999999,49067.29,16.26522027380913,0.06430868167202572,46050.590000000004,0.9385191234323315
2024-09-15,Meta Ads,Video,Fintech,Germany,37599,1225,0.03258065374079098,1.3,1592.5,73,21.815068493150687,19164.89,12.034467817896388,0.05959183673469388,17572.39,0.9169053409646494
2024-04-14,Google Ads,Shopping,E-commerce,India,9791,519,0.05300786436523338,3.95,2050.05,40,51.251250000000006,2255.24,1.1000902417014218,0.07707129094412331,205.1899999999996,0.09098366470974248
2024-02-29,Google Ads,Search,Healthcare,USA,34802,1708,0.049077639216137,2.9,4953.2,72,68.79444444444444,6827.25,1.3783513688120812,0.04215456674473068,1874.0500000000002,0.27449558753524483
2024-10-17,TikTok Ads,Display,Healthcare,India,81394,5192,0.063788485637762,0.94,4880.48,253,19.290434782608695,41499.01,8.503059125331935,0.048728813559322036,36618.53,0.8823952667786532
2024-09-06,Google Ads,Shopping,E-commerce,Germany,101299,3504,0.034590667232647906,1.8,6307.2,250,25.2288,36776.35,5.830852042110604,0.07134703196347032,30469.149999999998,0.8284984779620598
2024-08-30,Meta Ads,Video,Healthcare,Germany,140431,1544,0.010994723387286283,0.52,802.88,74,10.849729729729729,2904.54,3.6176514547628535,0.04792746113989637,2101.66,0.7235775716636713
2024-06-04,Google Ads,Video,SaaS,Canada,113368,5260,0.04639757250723308,1.31,6890.6,168,41.01547619047619,8983.58,1.3037442312715872,0.03193916349809886,2092.9799999999996,0.23297838946166224
2024-06-18,Google Ads,Display,E-commerce,Germany,89263,3695,0.041394530768627535,1.77,6540.15,155,42.19451612903226,19291.23,2.949661705006766,0.04194857916102842,12751.08,0.6609780713826957
2024-08-01,Meta Ads,Display,E-commerce,USA,168947,4510,0.026694762262721446,1.94,8749.4,179,48.87932960893855,48341.14,5.525080576953848,0.03968957871396896,39591.74,0.8190071644979824
2024-06-13,TikTok Ads,Search,EdTech,UAE,139511,8384,0.06009561970023869,1.35,11318.4,209,54.15502392344497,26357.3,2.3287125388747527,0.02492843511450382,15038.9,0.5705781699946504
2024-09-12,Google Ads,Search,Fintech,UK,25927,1501,0.057893315848343424,1.01,1516.01,44,34.454772727272726,4091.03,2.6985508011160877,0.029313790806129246,2575.0200000000004,0.6294307301584199
2024-11-20,Meta Ads,Shopping,E-commerce,Germany,165322,4529,0.0273950230459346,1.73,7835.17,167,46.917185628742516,38358.92,4.895735510524979,0.036873482004857586,30523.75,0.7957405995789246
2024-12-13,Meta Ads,Video,Healthcare,India,149542,2497,0.016697650158483904,1.04,2596.88,70,37.098285714285716,12612.87,4.856932164751548,0.02803364036844213,10015.990000000002,0.7941087159385612
2024-09-17,Meta Ads,Video,Healthcare,UK,20021,462,0.02307577044103691,1.57,725.34,20,36.267,4554.08,6.278545233959246,0.04329004329004329,3828.74,0.8407274356181709
2024-01-16,Google Ads,Shopping,SaaS,UAE,31783,781,0.024572884875562407,1.16,905.96,49,18.488979591836735,4886.84,5.394101284824937,0.06274007682458387,3980.88,0.8146123057026626
2024-01-14,Meta Ads,Display,EdTech,India,171020,2616,0.015296456554788914,0.44,1151.04,41,28.074146341463415,9636.88,8.372324159021407,0.015672782874617736,8485.84,0.8805588530727788
2024-01-24,Google Ads,Shopping,Fintech,Australia,31325,858,0.027390263367917,2.12,1818.96,43,42.30139534883721,2004.67,1.1020968025685007,0.05011655011655012,185.71000000000004,0.0926386886619743
2024-12-30,Meta Ads,Display,SaaS,Australia,49134,1026,0.02088167053364269,0.8,820.8,16,51.3,1025.05,1.2488425925925926,0.015594541910331383,204.25,0.19925857275254866
2024-04-30,Google Ads,Display,SaaS,India,114599,2028,0.01769648949816316,2.43,4928.04,29,169.93241379310345,5366.72,1.0890171346011803,0.014299802761341223,438.6800000000003,0.08174080257587507
2024-10-08,Meta Ads,Video,Fintech,UK,198581,1985,0.009995921059920133,1.76,3493.6,38,91.93684210526315,8029.71,2.2984056560567896,0.019143576826196475,4536.110000000001,0.5649157939701435
2024-07-21,Google Ads,Video,SaaS,Canada,157890,9204,0.05829374881246437,3.37,31017.48,321,96.62766355140187,10260.33,0.3307918631687681,0.0348761408083442,-20757.15,-2.023048966261319
2024-04-04,Google Ads,Search,EdTech,Germany,161215,5948,0.036894829885556556,2.27,13501.96,439,30.756173120728928,105685.25,7.827400614429313,0.0738063214525891,92183.29000000001,0.8722436669260848
2024-01-30,TikTok Ads,Video,Fintech,India,48147,3562,0.07398176418053046,0.42,1496.04,163,9.178159509202453,41382.29,27.661218951364937,0.04576080853453116,39886.25,0.9638483032234321
2024-04-04,Meta Ads,Video,EdTech,USA,90818,3287,0.03619326565218349,0.8,2629.6,123,21.378861788617886,11242.68,4.275433526011561,0.03742013994523882,8613.08,0.7661055904819847
2024-06-28,Google Ads,Video,SaaS,India,118415,6500,0.05489169446438374,1.74,11310.0,458,24.694323144104803,110383.15,9.759783377541998,0.07046153846153846,99073.15,0.897538709486004
2024-11-13,TikTok Ads,Shopping,SaaS,Germany,113886,4965,0.04359622780675412,1.34,6653.1,141,47.185106382978724,24007.44,3.60845921450151,0.0283987915407855,17354.339999999997,0.7228734092431345
2024-03-29,Meta Ads,Display,Healthcare,USA,113668,2864,0.025196185381989655,1.57,4496.48,81,55.51209876543209,6109.21,1.358665000177917,0.028282122905027934,1612.7300000000005,0.263983395561783
2024-06-21,Meta Ads,Shopping,Healthcare,Australia,76880,1798,0.02338709677419355,1.18,2121.64,91,23.314725274725273,8926.11,4.207174638487208,0.05061179087875417,6804.470000000001,0.7623107938396458
2024-09-28,Google Ads,Search,EdTech,Australia,138438,4734,0.034195813288259005,3.54,16758.36,191,87.74010471204188,38220.88,2.2807052718762453,0.04034643008027038,21462.519999999997,0.5615391377697216
2024-11-10,Google Ads,Search,E-commerce,Germany,34764,1251,0.03598550224370038,0.83,1038.33,83,12.51,3361.16,3.23708262305818,0.06634692246203037,2322.83,0.6910798652846041
2024-03-27,Meta Ads,Video,Fintech,Canada,61387,1608,0.02619447114209849,2.09,3360.72,96,35.0075,12312.27,3.6635810183532103,0.05970149253731343,8951.550000000001,0.7270430229356569
2024-11-01,TikTok Ads,Shopping,SaaS,UAE,139607,10289,0.07369974284957058,0.91,9362.99,580,16.14308620689655,94107.07,10.050963420873034,0.056370881523957625,84744.08,0.9005070501079249
2024-02-03,Meta Ads,Shopping,EdTech,UK,48271,1182,0.024486751880010774,1.94,2293.08,30,76.43599999999999,2529.5,1.1031015053988522,0.025380710659898477,236.42000000000007,0.09346511168215065
2024-11-21,TikTok Ads,Search,EdTech,Australia,181833,10018,0.05509450979745151,0.48,4808.64,686,7.009679300291546,153650.81,31.95306989086311,0.06847674186464364,148842.16999999998,0.9687041025035923
2024-05-20,Meta Ads,Video,E-commerce,USA,83678,2761,0.03299553048591027,1.66,4583.26,35,130.9502857142857,4630.48,1.01030271029791,0.012676566461427018,47.219999999999345,0.010197646896217962
2024-04-25,Google Ads,Search,SaaS,Australia,32898,1743,0.05298194419113624,1.17,2039.31,130,15.687,31968.71,15.676238531660218,0.07458405048766495,29929.399999999998,0.9362091870457081
2024-09-03,Meta Ads,Search,Healthcare,Germany,36153,882,0.02439631565845158,1.68,1481.76,62,23.899354838709677,16744.05,11.300109329446064,0.07029478458049887,15262.289999999999,0.911505280980408
2024-06-14,Meta Ads,Search,Healthcare,USA,140372,4548,0.03239962385660958,1.44,6549.12,125,52.39296,23552.19,3.5962373570800352,0.027484608619173262,17003.07,0.7219315910749702
2024-01-27,TikTok Ads,Video,SaaS,UAE,196889,9568,0.048595909370254306,0.93,8898.24,137,64.95065693430656,34964.66,3.9293905311612187,0.014318561872909698,26066.420000000006,0.7455076068235756
2024-02-11,TikTok Ads,Display,EdTech,UK,77467,3300,0.042598783998347683,1.01,3333.0,180,18.516666666666666,42781.66,12.835781578157818,0.05454545454545454,39448.66,0.9220927846184557
2024-02-11,Google Ads,Shopping,Fintech,UAE,29016,1088,0.037496553625585884,2.06,2241.28,56,40.02285714285715,9936.27,4.433301506282124,0.051470588235294115,7694.99,0.7744344708829369
2024-07-11,Meta Ads,Shopping,Healthcare,Canada,117200,1699,0.014496587030716724,1.94,3296.06,113,29.16867256637168,30970.48,9.39621244758894,0.06650971159505592,27674.42,0.8935741389865446
2024-05-05,Google Ads,Shopping,SaaS,Germany,134157,3407,0.025395618566306642,2.41,8210.87,147,55.856258503401364,41434.67,5.046319086771559,0.043146463164073966,33223.799999999996,0.8018357573500645
2024-03-26,Google Ads,Display,Fintech,India,161434,6328,0.039198681814239876,0.77,4872.56,263,18.52684410646388,25426.86,5.218378018946919,0.041561314791403285,20554.3,0.8083695745365334
2024-07-14,TikTok Ads,Shopping,SaaS,Canada,62888,3307,0.05258554891235212,0.61,2017.27,55,36.67763636363636,12898.32,6.39394825680251,0.016631387964922893,10881.05,0.8436021125231813
2024-05-13,Google Ads,Video,SaaS,Canada,108187,2423,0.022396406222559086,2.67,6469.41,179,36.14195530726257,29012.87,4.484623791041223,0.07387536112257533,22543.46,0.777015855377286
2024-08-19,Meta Ads,Search,E-commerce,Canada,199363,3847,0.019296459222624057,0.9,3462.3,73,47.42876712328767,11133.49,3.2156341160500244,0.018975825318429944,7671.19,0.6890193461349495
2024-04-29,Meta Ads,Video,SaaS,Australia,59160,958,0.01619337390128465,1.0,958.0,35,27.37142857142857,7848.99,8.193100208768268,0.03653444676409186,6890.99,0.8779460796866858
2024-11-21,Google Ads,Shopping,E-commerce,Australia,78551,2411,0.03069343483851256,3.38,8149.18,92,88.57804347826087,8262.09,1.0138553817684723,0.03815844048112816,112.90999999999985,0.013666033654922647
2024-10-03,Meta Ads,Display,SaaS,USA,186711,7748,0.04149728725142064,0.58,4493.84,536,8.384029850746268,89187.58,19.846630053584462,0.06917914300464637,84693.74,0.9496136121195351
2024-10-04,Meta Ads,Shopping,SaaS,UK,5528,108,0.019536903039073805,2.02,218.16,7,31.165714285714284,2000.84,9.171433810047672,0.06481481481481481,1782.6799999999998,0.890965794366366
2024-12-07,Google Ads,Shopping,SaaS,Canada,144535,7588,0.052499394610302,3.1,23522.8,445,52.86022471910112,105358.98,4.479015253286174,0.05864522930943595,81836.18,0.77673663887027
2024-08-08,Meta Ads,Search,E-commerce,UAE,8188,272,0.03321934538348803,1.16,315.52,14,22.537142857142857,3745.84,11.871957403651116,0.051470588235294115,3430.32,0.9157678918480234
2024-08-05,Google Ads,Display,Fintech,Canada,71151,4368,0.061390563730657335,3.23,14108.64,202,69.84475247524752,51341.85,3.639036080019052,0.04624542124542125,37233.21,0.7252019551301716
2024-03-06,Meta Ads,Shopping,EdTech,Germany,171797,5153,0.02999470305069355,0.54,2782.62,255,10.912235294117647,52673.17,18.929343568291753,0.049485736464195615,49890.549999999996,0.947171966297073
2024-02-18,TikTok Ads,Search,EdTech,Australia,173050,8565,0.049494365790234036,0.69,5909.85,414,14.275,118511.79,20.053265311302315,0.04833625218914186,112601.93999999999,0.9501328095710984
2024-09-04,TikTok Ads,Video,E-commerce,Canada,178269,8646,0.048499739158238395,0.63,5446.98,93,58.56967741935483,10627.54,1.9510884930732262,0.010756419153365717,5180.560000000001,0.48746558469786994
2024-12-21,Google Ads,Display,E-commerce,UAE,164028,5905,0.03599995122783915,1.0,5905.0,377,15.6631299734748,25718.59,4.3553920406435225,0.063844199830652,19813.59,0.7703995436763835
2024-02-01,TikTok Ads,Video,Healthcare,Australia,184504,15479,0.08389520010406279,0.8,12383.2,538,23.017100371747212,112251.74,9.064841075004844,0.03475676723302539,99868.54000000001,0.8896836699368759
2024-10-19,TikTok Ads,Shopping,Healthcare,India,119515,6824,0.057097435468351256,0.86,5868.64,89,65.93977528089889,25992.88,4.4291147523105865,0.013042203985932005,20124.24,0.7742212482802984
2024-10-18,Meta Ads,Search,EdTech,USA,108591,2084,0.019191277361843985,2.16,4501.44,31,145.20774193548385,6469.19,1.4371378936518093,0.014875239923224568,1967.75,0.3041725471040424
2024-05-11,Meta Ads,Shopping,EdTech,UK,68472,2601,0.0379863301787592,1.38,3589.38,63,56.97428571428571,17508.47,4.87785355688169,0.02422145328719723,13919.09,0.794991795399598
2024-09-21,TikTok Ads,Shopping,Fintech,USA,170201,7931,0.04659784607611001,1.05,8327.55,182,45.755769230769225,10360.55,1.24412942582152,0.02294792586054722,2033.0,0.1962251038796203
2024-03-09,Google Ads,Video,EdTech,Australia,92340,2502,0.02709551656920078,1.96,4903.92,153,32.051764705882356,27593.24,5.626772051746358,0.06115107913669065,22689.32,0.822278210170317
2024-04-11,TikTok Ads,Search,SaaS,USA,136940,4683,0.034197458741054475,0.69,3231.27,137,23.585912408759125,12153.39,3.7611805884373637,0.029254751227845398,8922.119999999999,0.7341260339707686
2024-12-24,Google Ads,Search,EdTech,Australia,106311,5762,0.054199471362323746,0.92,5301.04,434,12.214377880184331,55571.88,10.483203295957018,0.07532106907323846,50270.84,0.9046093096004669
2024-03-15,TikTok Ads,Shopping,E-commerce,Canada,120016,3336,0.027796293827489667,1.33,4436.88,43,103.1832558139535,5864.19,1.321692270243955,0.01288968824940048,1427.3099999999995,0.24339422835890373
2024-10-22,Meta Ads,Display,SaaS,Germany,193946,7854,0.0404958081115362,1.89,14844.06,461,32.19969631236442,86871.54,5.852276264040969,0.05869620575502928,72027.48,0.8291263168582024
2024-09-24,TikTok Ads,Shopping,E-commerce,Australia,138780,4135,0.029795359561896526,0.85,3514.75,86,40.86918604651163,7373.66,2.097918770894089,0.02079806529625151,3858.91,0.5233371215922622
2024-07-27,Meta Ads,Display,SaaS,UK,51365,873,0.016996008955514456,0.7,611.1,19,32.16315789473684,2655.69,4.345753559155621,0.021764032073310423,2044.5900000000001,0.7698903109926234
2024-03-06,Google Ads,Shopping,Healthcare,UK,185903,4647,0.02499690698912874,2.96,13755.12,342,40.21964912280702,58276.63,4.236722762142387,0.07359586830213041,44521.509999999995,0.7639685067581978
2024-03-01,TikTok Ads,Display,SaaS,Australia,61232,2951,0.048193754899399005,0.75,2213.25,51,43.39705882352941,15061.62,6.805205015249069,0.017282277194171466,12848.37,0.8530536555828656
2024-10-06,TikTok Ads,Display,SaaS,USA,122286,7642,0.06249284464288635,1.47,11233.74,201,55.88925373134328,60002.91,5.341311976242997,0.026302015179272442,48769.170000000006,0.812780080166112
2024-03-06,TikTok Ads,Shopping,Healthcare,UK,60114,4917,0.0817945902784709,1.35,6637.95,279,23.79193548387097,15410.94,2.3216414706347592,0.056741915802318486,8772.990000000002,0.5692702716382
2024-02-04,Meta Ads,Display,Healthcare,Australia,124004,2083,0.016797845230799007,1.51,3145.33,49,64.1904081632653,9959.37,3.1663990741829955,0.023523763802208355,6814.040000000001,0.6841838389376035
2024-02-05,TikTok Ads,Search,E-commerce,UK,168322,4965,0.029497035443970487,0.91,4518.15,228,19.816447368421052,49052.14,10.856686918318339,0.045921450151057405,44533.99,0.9078908687775905
2024-05-09,Meta Ads,Display,Healthcare,Germany,113957,3008,0.026395921268548662,2.33,7008.64,127,55.18614173228347,17960.45,2.5626155716372936,0.04222074468085106,10951.810000000001,0.6097736972069185
2024-02-04,Google Ads,Search,SaaS,USA,137290,5011,0.03649938087260543,1.56,7817.16,323,24.20173374613003,28440.57,3.6382228328446646,0.06445819197764917,20623.41,0.7251405298838948
2024-05-21,Meta Ads,Video,Fintech,UAE,12253,468,0.03819472782175794,0.77,360.36,9,40.04,1433.96,3.9792429792429793,0.019230769230769232,1073.6,0.7486959189935563
2024-12-21,Google Ads,Video,EdTech,Australia,109216,5777,0.05289518019337826,3.06,17677.62,140,126.26871428571428,11237.04,0.6356647557759473,0.024234031504240954,-6440.579999999998,-0.5731562760299863
2024-03-03,Google Ads,Shopping,Fintech,Canada,166215,9158,0.055097313720181694,0.72,6593.76,112,58.87285714285714,29121.09,4.416461927640678,0.012229744485695566,22527.33,0.7735744094743707
2024-11-29,Meta Ads,Shopping,SaaS,India,140678,5655,0.04019818308477516,2.07,11705.85,154,76.012012987013,7932.09,0.6776176014556824,0.027232537577365164,-3773.76,-0.47575859577992685
2024-07-19,Google Ads,Search,E-commerce,UAE,176066,5264,0.029897879204389265,1.58,8317.12,119,69.89176470588237,28182.41,3.388481830248932,0.022606382978723406,19865.29,0.7048825845624984
2024-04-29,Google Ads,Search,Healthcare,Canada,59418,1996,0.033592514052980575,1.65,3293.4,80,41.167500000000004,3528.5,1.0713851946316877,0.04008016032064128,235.0999999999999,0.06662887912710781
2024-01-27,Google Ads,Search,EdTech,UAE,143183,5784,0.04039585705006879,0.86,4974.24,432,11.514444444444443,88233.11,17.738008218340894,0.07468879668049792,83258.87,0.943623884503221
2024-07-19,Meta Ads,Shopping,E-commerce,India,194059,3434,0.01769564926130713,1.36,4670.24,193,24.198134715025905,7460.79,1.5975174723354688,0.05620267909143856,2790.55,0.3740287556679655
2024-08-02,Google Ads,Shopping,SaaS,UAE,98899,2185,0.0220932466455677,3.16,6904.6,171,40.37777777777778,45859.64,6.641896706543464,0.0782608695652174,38955.04,0.8494405974403637
2024-02-25,Meta Ads,Search,E-commerce,UK,129494,1631,0.012595178154972431,2.14,3490.34,108,32.317962962962966,28288.04,8.10466602107531,0.06621704475781728,24797.7,0.876614286461699
2024-03-03,TikTok Ads,Shopping,SaaS,UAE,191443,6872,0.03589580188358937,1.67,11476.24,422,27.194881516587678,108198.8,9.428070517869966,0.06140861466821886,96722.56,0.8939337589696004
2024-12-30,TikTok Ads,Search,SaaS,Australia,61950,4076,0.06579499596448748,0.3,1222.8,97,12.606185567010309,26763.8,21.88730781812234,0.02379784102060844,25541.0,0.9543114206502814
2024-11-08,Google Ads,Shopping,SaaS,UK,34605,809,0.023378124548475654,1.76,1423.84,40,35.596,5146.88,3.6147881784470166,0.049443757725587144,3723.04,0.7233586172593882
2024-01-31,TikTok Ads,Shopping,Fintech,UAE,127790,7015,0.05489474919790281,1.23,8628.45,422,20.446563981042654,90118.48,10.444341683616408,0.0601568068424804,81490.03,0.9042543771266449
2024-01-09,TikTok Ads,Search,Healthcare,Germany,96310,6905,0.07169556640016612,1.28,8838.4,247,35.782995951417,8632.99,0.976759368211441,0.035771180304127445,-205.40999999999985,-0.023793610325043797
2024-09-05,Google Ads,Shopping,Fintech,India,197589,4781,0.024196691111347292,1.6,7649.6,225,33.998222222222225,12329.91,1.61183722024681,0.04706128425015687,4680.3099999999995,0.379589956455481
2024-02-17,Meta Ads,Video,E-commerce,USA,118566,3711,0.03129902332877891,1.13,4193.43,58,72.30051724137931,14643.53,3.4920172746415226,0.015629210455402855,10450.1,0.7136325735666195
2024-09-25,Meta Ads,Shopping,Healthcare,Germany,199451,3989,0.019999899724744422,1.28,5105.92,110,46.41745454545455,8236.16,1.6130609175231887,0.027575833542241163,3130.24,0.3800606107700676
2024-10-23,Google Ads,Display,SaaS,UAE,88251,5965,0.06759130208156282,0.82,4891.3,133,36.77669172932331,14897.06,3.045623862776767,0.022296730930427493,10005.759999999998,0.6716600456734415
2024-01-15,Google Ads,Display,Fintech,Canada,55406,2648,0.047792657834891526,1.9,5031.2,149,33.76644295302013,22127.3,4.398016377802512,0.05626888217522659,17096.1,0.7726247666909202
2024-02-16,TikTok Ads,Display,Fintech,Australia,141447,9873,0.06979999575812848,1.39,13723.47,588,23.33923469387755,86774.51,6.323073537523673,0.05955636584624734,73051.04,0.8418490637400314
2024-02-06,Google Ads,Video,EdTech,UK,73591,2649,0.03599624954138414,2.83,7496.67,161,46.56316770186336,45161.9,6.024261438745469,0.06077765194412986,37665.23,0.8340045480814581
2024-02-25,Google Ads,Video,Fintech,India,66477,2718,0.04088632158490907,2.86,7773.48,160,48.58425,16856.48,2.1684599432943803,0.05886681383370125,9083.0,0.5388432223097587
2024-08-28,Meta Ads,Video,E-commerce,UAE,196386,6794,0.03459513407269357,0.81,5503.14,506,10.875770750988142,34412.06,6.253168191250812,0.07447748012952606,28908.92,0.8400810646035141
2024-10-28,Google Ads,Display,Fintech,Canada,78927,3172,0.04018903543780962,3.2,10150.4,62,163.71612903225807,7568.63,0.7456484473518286,0.019546027742749054,-2581.7699999999995,-0.34111457423602415
2024-12-10,Google Ads,Display,SaaS,Canada,184857,3419,0.018495377508019713,2.57,8786.83,248,35.43076612903226,70137.51,7.982117555477914,0.07253582918982159,61350.67999999999,0.8747199608312299
2024-08-30,TikTok Ads,Display,EdTech,India,122174,6499,0.05319462406076579,0.88,5719.12,413,13.84774818401937,58791.38,10.27979479360461,0.06354823819049084,53072.259999999995,0.9027217935690571
2024-07-26,Google Ads,Search,SaaS,Germany,108719,4207,0.038696088080280355,3.2,13462.4,121,111.2595041322314,21018.47,1.5612721357261707,0.028761587829807464,7556.0700000000015,0.35949667126103857
2024-11-08,Meta Ads,Shopping,Healthcare,Australia,186949,3140,0.016796024584244902,0.6,1884.0,186,10.129032258064516,30294.1,16.079670912951165,0.05923566878980892,28410.1,0.9378096725104889
2024-09-12,Google Ads,Video,E-commerce,UK,193869,13124,0.06769519624076051,2.93,38453.32,264,145.65651515151515,67604.89,1.7581028114087418,0.020115818348064616,29151.57,0.4312050504038983
2024-07-28,Google Ads,Search,EdTech,Australia,158535,3836,0.02419654965780427,2.16,8285.76,120,69.048,12930.51,1.560570183061059,0.03128258602711158,4644.75,0.3592085694995789
2024-12-14,TikTok Ads,Search,EdTech,UAE,148949,12332,0.08279343936515184,1.01,12455.32,546,22.811941391941392,95805.85,7.691962149507199,0.04427505676289328,83350.53,0.8699941600643384
2024-07-19,Google Ads,Display,Fintech,USA,184810,7447,0.04029543855851956,3.12,23234.64,334,69.56479041916168,51289.24,2.207447156487038,0.04485027527863569,28054.6,0.5469880232189052
2024-07-16,Meta Ads,Video,E-commerce,USA,85989,997,0.01159450627405831,1.69,1684.93,37,45.53864864864865,4865.84,2.887858842800591,0.037111334002006016,3180.91,0.6537226871413774
2024-02-16,Meta Ads,Shopping,Fintech,Canada,35755,654,0.01829114809117606,1.6,1046.4,40,26.160000000000004,11846.71,11.321397171253821,0.06116207951070336,10800.31,0.9116716793101207
2024-10-25,Meta Ads,Video,Fintech,UK,184298,7758,0.04209486809406505,1.55,12024.9,351,34.258974358974356,91198.92,7.5841728413541905,0.04524361948955916,79174.02,0.8681464648923475
2024-03-17,Meta Ads,Video,SaaS,India,22878,619,0.027056560888189526,1.01,625.19,43,14.539302325581396,8615.57,13.780722660311264,0.06946688206785137,7990.379999999999,0.9274348650176366
2024-11-16,Meta Ads,Search,Fintech,UK,151539,3455,0.022799411372649944,2.05,7082.75,135,52.464814814814815,4666.78,0.6588937912533973,0.03907380607814761,-2415.9700000000003,-0.5176952845430898
2024-10-26,Google Ads,Display,Healthcare,Australia,180365,6114,0.033897929199123995,3.46,21154.44,400,52.8861,111623.05,5.276577872068464,0.0654236179260713,90468.61,0.8104832290463305
2024-08-22,Meta Ads,Video,Fintech,Australia,30168,1080,0.03579952267303103,0.46,496.8,34,14.611764705882353,5163.27,10.393055555555556,0.03148148148148148,4666.47,0.903781905652813
2024-05-12,Google Ads,Display,Fintech,UAE,26352,1697,0.06439738919247116,1.71,2901.87,126,23.030714285714286,31980.19,11.020545372466719,0.07424867413081909,29078.32,0.9092603890095713
2024-01-23,Google Ads,Search,Healthcare,India,57979,2081,0.03589230583487125,1.89,3933.09,148,26.574932432432433,18788.47,4.777025188846428,0.071119654012494,14855.380000000001,0.7906647002124175
2024-10-12,Google Ads,Video,Fintech,Australia,173769,6759,0.038896465997962815,2.86,19330.74,158,122.34645569620254,21350.44,1.1044812562788593,0.023376239088622578,2019.699999999997,0.0945975820638824
2024-09-01,TikTok Ads,Shopping,SaaS,Germany,131206,8279,0.06309924850997668,1.53,12666.87,553,22.905732368896928,61485.88,4.8540705004472295,0.06679550670370818,48819.009999999995,0.7939873349783723
2024-05-20,Meta Ads,Display,EdTech,UK,64799,842,0.012994027685612433,1.75,1473.5,52,28.33653846153846,15157.93,10.287024092297251,0.06175771971496437,13684.43,0.9027901567034549
2024-01-16,Meta Ads,Shopping,E-commerce,UK,167893,4432,0.02639776524333951,0.58,2570.56,66,38.947878787878786,15989.78,6.220348873397237,0.014891696750902527,13419.220000000001,0.8392373128335725
2024-04-29,Google Ads,Display,EdTech,Australia,72474,4022,0.05549576399812346,3.11,12508.42,142,88.08746478873239,38937.53,3.1129055468236593,0.035305818000994534,26429.11,0.6787567162067034
2024-10-25,Meta Ads,Video,EdTech,Canada,138678,1802,0.012994130287428431,1.9,3423.8,61,56.12786885245902,2147.03,0.6270897832817338,0.033851276359600446,-1276.77,-0.5946679832140211
2024-07-06,TikTok Ads,Search,Healthcare,UAE,70195,4239,0.06038891658950068,1.42,6019.38,234,25.723846153846154,38776.78,6.44198904206081,0.055201698513800426,32757.399999999998,0.8447684413197795
2024-08-28,Meta Ads,Search,EdTech,USA,73513,2073,0.028199094037789234,2.22,4602.06,31,148.4535483870968,3401.33,0.7390885820697687,0.014954172696575013,-1200.7300000000005,-0.35301779009975526
2024-06-02,Google Ads,Search,SaaS,Germany,162786,7406,0.04549531286474267,1.45,10738.7,513,20.933138401559457,67523.57,6.287871902558038,0.06926816095058061,56784.87000000001,0.8409636812745536
2024-09-23,Google Ads,Video,Healthcare,USA,133909,5664,0.04229738105728517,2.88,16312.32,117,139.42153846153846,11886.29,0.7286694964296925,0.02065677966101695,-4426.029999999999,-0.3723642953352138
2024-01-25,Google Ads,Search,E-commerce,Australia,92185,3779,0.040993654065194986,1.62,6121.98,82,74.65829268292683,11861.33,1.937498979088465,0.021698862132839374,5739.35,0.48387069578200764
2024-06-16,Meta Ads,Search,E-commerce,Australia,136637,4399,0.03219479350395574,1.31,5762.69,254,22.68775590551181,21909.38,3.801936248522826,0.05774039554444192,16146.690000000002,0.7369761262071315
2024-06-04,Meta Ads,Display,E-commerce,India,56986,1270,0.02228617555188994,0.93,1181.1,13,90.85384615384615,3679.26,3.115113030226061,0.010236220472440945,2498.1600000000003,0.678984360985633
2024-02-20,Meta Ads,Display,SaaS,UK,148859,3840,0.025796223271686628,1.8,6912.0,250,27.648,22027.39,3.1868330439814816,0.06510416666666667,15115.39,0.6862088517976936
2024-08-03,Google Ads,Search,EdTech,USA,151900,5270,0.03469387755102041,1.11,5849.7,291,20.1020618556701,47553.46,8.129213463938322,0.05521821631878558,41703.76,0.8769868690942784
2024-10-08,Meta Ads,Shopping,EdTech,UAE,155555,4588,0.02949439105139661,1.55,7111.4,332,21.41987951807229,12719.4,1.7885929634108615,0.07236268526591107,5608.0,0.4409013003758039
2024-10-11,Meta Ads,Display,SaaS,Germany,198979,2089,0.010498595329155338,1.7,3551.3,66,53.80757575757576,7694.86,2.16677273111255,0.031594064145524174,4143.5599999999995,0.5384841309653456
2024-12-04,Meta Ads,Search,E-commerce,India,186740,4182,0.022394773481846417,0.56,2341.92,47,49.82808510638298,8643.08,3.6905957504953197,0.011238641798182687,6301.16,0.7290410362972459
2024-07-04,Google Ads,Shopping,Fintech,Australia,126246,4203,0.033292143909510005,2.05,8616.15,290,29.710862068965515,31939.46,3.706929429037331,0.0689983345229598,23323.309999999998,0.7302349507474453
2024-02-15,Google Ads,Search,Fintech,Germany,30835,925,0.029998378466028864,1.96,1813.0,14,129.5,3805.56,2.0990402647545503,0.015135135135135135,1992.56,0.5235917972650543
2024-12-22,TikTok Ads,Video,EdTech,Canada,112938,3263,0.028891958419663886,0.39,1272.57,80,15.907124999999999,22895.07,17.99120677055093,0.02451731535396874,21622.5,0.9444172915828605
2024-12-16,Google Ads,Display,SaaS,Canada,143573,3474,0.02419675008532245,1.63,5662.62,131,43.22610687022901,11434.82,2.019351466282392,0.03770869314910766,5772.2,0.5047915052445076
2024-07-14,TikTok Ads,Display,E-commerce,Canada,113621,10112,0.08899763247991128,0.99,10010.88,472,21.209491525423726,84899.73,8.480745948408131,0.04667721518987342,74888.84999999999,0.8820858440892567
2024-08-31,Meta Ads,Search,Healthcare,UK,125155,5256,0.04199592505293436,1.07,5623.92,247,22.768906882591093,26802.91,4.765876826128395,0.046993911719939115,21178.989999999998,0.7901750220405171
2024-06-26,Meta Ads,Shopping,Fintech,USA,52940,1281,0.024197204382319606,1.5,1921.5,37,51.932432432432435,8409.06,4.376299765807962,0.02888368462138954,6487.5599999999995,0.7714964573923839
2024-09-01,TikTok Ads,Display,SaaS,USA,106069,3139,0.029593943565037854,0.5,1569.5,78,20.121794871794872,6648.74,4.236215355208665,0.024848677922905384,5079.24,0.763940235292702
2024-03-24,Google Ads,Video,EdTech,Canada,185523,6029,0.032497318391789695,1.38,8320.02,252,33.015952380952385,12404.91,1.4909711755500588,0.041797976447172,4084.8899999999994,0.32929622222168475
2024-11-11,TikTok Ads,Shopping,EdTech,India,184969,15407,0.08329503862809444,1.34,20645.38,352,58.65164772727273,52669.94,2.5511731922589944,0.022846757967157787,32024.56,0.6080234760092759
2024-12-24,Google Ads,Video,Healthcare,Canada,118005,5003,0.042396508622515997,1.8,9005.4,63,142.94285714285715,6740.12,0.748453150332023,0.012592444533280032,-2265.2799999999997,-0.3360889717097025
2024-09-06,Google Ads,Video,SaaS,India,47176,1278,0.02709004578599288,1.43,1827.54,62,29.476451612903226,2278.75,1.2468947328102258,0.048513302034428794,451.21000000000004,0.19800767964893035
2024-12-10,Meta Ads,Video,Fintech,UK,8512,251,0.02948778195488722,0.64,160.64,11,14.603636363636362,1671.09,10.402701693227092,0.043824701195219126,1510.4499999999998,0.9038711260315123
2024-06-17,Meta Ads,Shopping,EdTech,Australia,83591,2499,0.029895562919453052,1.68,4198.32,84,49.98,18620.43,4.435209798204997,0.03361344537815126,14422.11,0.77453152263401
2024-06-25,Google Ads,Search,E-commerce,UAE,88323,3965,0.04489204397495556,2.36,9357.4,95,98.49894736842104,8337.4,0.8909953619595187,0.02395964691046658,-1020.0,-0.12234029793460792
2024-11-28,Google Ads,Video,Healthcare,Germany,24755,811,0.03276105837204605,2.48,2011.28,8,251.41,1786.84,0.8884093711467324,0.009864364981504316,-224.44000000000005,-0.12560721721027068
2024-03-04,Google Ads,Video,E-commerce,UAE,99410,4195,0.04219897394628307,0.83,3481.85,196,17.76454081632653,56004.19,16.08460732082083,0.0467222884386174,52522.340000000004,0.9378287588839336
2024-01-12,Meta Ads,Video,SaaS,Australia,176250,6204,0.0352,0.65,4032.6,312,12.924999999999999,84311.3,20.907429449982644,0.05029013539651837,80278.7,0.9521701124285831
2024-01-04,Meta Ads,Shopping,EdTech,UK,184729,2586,0.01399888485294675,0.9,2327.4,201,11.57910447761194,16864.93,7.246253329896021,0.0777262180974478,14537.53,0.861997648374467
2024-01-16,Google Ads,Search,Healthcare,UK,175381,4226,0.024096110753160264,0.91,3845.66,204,18.851274509803922,11471.83,2.9830588247530985,0.048272598201609083,7626.17,0.6647736237374507
2024-10-29,Google Ads,Video,SaaS,UK,174741,7129,0.04079752319146623,2.17,15469.93,326,47.45377300613497,58786.78,3.8000676150441532,0.0457287137045869,43316.85,0.736846787662124
2024-01-17,Meta Ads,Shopping,E-commerce,Germany,62033,2667,0.04299324553060468,1.1,2933.7,135,21.731111111111108,14288.2,4.87036847666769,0.05061867266591676,11354.5,0.7946767262496325
2024-04-18,TikTok Ads,Search,Fintech,Canada,6067,201,0.03313004779957145,0.63,126.63,12,10.5525,2449.28,19.34202005843797,0.05970149253731343,2322.65,0.9482990919780506
2024-06-06,Google Ads,Search,SaaS,UAE,187941,9303,0.04949957699490798,2.33,21675.99,528,41.053011363636365,92564.99,4.270392724853628,0.05675588519832312,70889.0,0.7658294999005563
2024-10-23,TikTok Ads,Shopping,EdTech,UAE,16094,535,0.033242202062880574,1.81,968.35,8,121.04375,469.8,0.48515516084060517,0.014953271028037384,-498.55,-1.0611962537249893
2024-09-27,Meta Ads,Display,EdTech,India,8599,258,0.030003488777764858,0.65,167.7,6,27.95,594.69,3.546153846153847,0.023255813953488372,426.99000000000007,0.7180043383947939
2024-01-07,Google Ads,Video,Fintech,UAE,32476,1136,0.03497967730016012,1.64,1863.04,86,21.663255813953487,21754.11,11.676673608725524,0.07570422535211267,19891.07,0.9143591716691696
2024-01-31,Google Ads,Display,Fintech,Canada,64739,1599,0.024699176694110196,3.26,5212.74,109,47.82330275229358,22723.24,4.359173870171926,0.06816760475297061,17510.5,0.7705987350395453
2024-05-06,Google Ads,Search,EdTech,UK,51666,2965,0.05738783726241629,2.92,8657.8,80,108.2225,16836.59,1.9446730116195803,0.026981450252951095,8178.790000000001,0.4857747322943661
2024-11-03,Meta Ads,Shopping,SaaS,India,39723,1116,0.028094554791934144,0.95,1060.2,14,75.72857142857143,582.59,0.5495095265044331,0.012544802867383513,-477.61,-0.8198046653735903
2024-12-12,TikTok Ads,Search,Healthcare,Canada,163984,12971,0.07909918040784467,1.68,21791.28,962,22.65205821205821,170813.74,7.838628111795177,0.07416544599491173,149022.46,0.8724266560757934
2024-01-10,Meta Ads,Video,Fintech,Australia,51698,1307,0.02528144222213625,1.96,2561.72,91,28.150769230769228,15551.2,6.07060880970598,0.06962509563886764,12989.480000000001,0.8352718761253152
2024-02-16,Google Ads,Shopping,SaaS,UAE,50206,2399,0.04778313349002111,2.02,4845.98,163,29.729938650306746,5571.38,1.1496910841563523,0.06794497707378074,725.4000000000005,0.1302011350868188
2024-10-08,Google Ads,Video,Fintech,UAE,194099,4774,0.024595696010798612,2.49,11887.26,134,88.71089552238806,8446.21,0.7105262272382364,0.028068705488060328,-3441.050000000001,-0.4074075828093312
2024-12-29,TikTok Ads,Video,E-commerce,USA,11820,366,0.030964467005076143,1.72,629.52,12,52.46,2301.99,3.656738467403736,0.03278688524590164,1672.4699999999998,0.7265322612174684
2024-12-16,TikTok Ads,Search,SaaS,USA,56782,3264,0.05748300517769716,0.8,2611.2,154,16.955844155844154,15749.58,6.031548713235295,0.04718137254901961,13138.380000000001,0.8342051026122602
2024-08-13,TikTok Ads,Video,SaaS,UK,191894,7138,0.03719761951910951,0.77,5496.26,380,14.463842105263158,85112.1,15.485457383748223,0.05323620061641916,79615.84000000001,0.9354232829409685
2024-01-19,Google Ads,Shopping,Fintech,UK,55075,3056,0.05548797094870631,2.36,7212.16,156,46.23179487179487,5145.31,0.7134214992457184,0.051047120418848166,-2066.8499999999995,-0.40169591336576405
2024-04-28,Google Ads,Shopping,EdTech,India,81830,4091,0.04999388977147745,1.45,5931.95,49,121.06020408163265,7206.83,1.2149175229056213,0.011977511610853092,1274.88,0.17689885844400383
2024-12-17,Meta Ads,Search,EdTech,USA,87911,1116,0.012694657096381567,0.48,535.68,61,8.781639344262294,16688.84,31.15449522102748,0.05465949820788531,16153.16,0.9679019033078392
2024-09-15,Meta Ads,Search,SaaS,Canada,9521,237,0.024892343241256172,1.77,419.49,17,24.675882352941176,1502.31,3.5812772652506615,0.07172995780590717,1082.82,0.7207700141781657
2024-04-14,TikTok Ads,Search,E-commerce,UK,88115,5383,0.06109062021222266,0.68,3660.44,121,30.251570247933884,28357.39,7.746989432964343,0.02247817202303548,24696.95,0.8709175985519119
2024-06-24,Google Ads,Shopping,E-commerce,Germany,184030,5649,0.030696082160517307,2.23,12597.27,90,139.96966666666668,23192.98,1.8411116059273158,0.015932023366967606,10595.71,0.4568498744016508
2024-08-21,Meta Ads,Video,EdTech,UK,151729,4491,0.029598824219496604,1.85,8308.35,228,36.44013157894737,48165.44,5.797232904246933,0.05076820307281229,39857.090000000004,0.8275039115183003
2024-02-24,TikTok Ads,Video,SaaS,India,68176,2679,0.03929535320347336,1.24,3321.96,173,19.20208092485549,19288.91,5.806484725884719,0.06457633445315417,15966.95,0.8277787599195601
2024-10-12,Meta Ads,Shopping,Healthcare,UAE,160136,6581,0.041096318129589846,0.4,2632.4,393,6.69821882951654,81942.57,31.12846451907005,0.05971736818112749,79310.17000000001,0.9678750617658197
2024-04-22,Google Ads,Video,Healthcare,Canada,164504,3322,0.020194037834946263,2.07,6876.54,96,71.630625,10570.76,1.537220753460316,0.028898254063816978,3694.2200000000003,0.3494753451975071
2024-04-20,TikTok Ads,Display,Healthcare,Australia,111399,4155,0.03729835994937118,1.22,5069.1,176,28.801704545454548,18559.1,3.6612219131601265,0.04235860409145608,13489.999999999998,0.7268671433420801
2024-07-29,Google Ads,Search,E-commerce,Germany,135011,3496,0.025894186399626696,1.89,6607.44,254,26.013543307086614,69461.44,10.51261002748417,0.07265446224256293,62854.0,0.9048761442319652
2024-08-04,Google Ads,Display,Healthcare,USA,24359,1461,0.059977831602282525,2.34,3418.74,35,97.6782857142857,4110.39,1.2023113778760597,0.023956194387405885,691.6500000000005,0.1682687044295068
2024-05-23,Meta Ads,Shopping,Healthcare,UK,130611,2207,0.016897504804342666,0.73,1611.11,44,36.616136363636365,9567.41,5.938396509238972,0.01993656547349343,7956.3,0.8316043735974522
2024-12-03,TikTok Ads,Search,SaaS,UK,156601,8628,0.0550954336179207,0.31,2674.68,362,7.388618784530387,23745.71,8.87796297127133,0.04195642095503013,21071.03,0.8873615486755292
2024-11-29,Meta Ads,Search,SaaS,Germany,172967,5016,0.02899975139766545,2.08,10433.28,331,31.520483383685804,75767.62,7.262109327076431,0.06598883572567783,65334.34,0.8622989609545608
2024-04-13,Google Ads,Shopping,SaaS,Canada,165104,7958,0.04819992247310786,3.09,24590.22,105,234.19257142857143,29946.1,1.2178052900706051,0.013194269917064589,5355.879999999997,0.1788506683675002
2024-01-17,Google Ads,Video,Fintech,Canada,49109,1203,0.024496528131299763,3.26,3921.78,25,156.87120000000002,4734.61,1.2072604786602001,0.020781379883624274,812.8299999999995,0.17167834309478489
2024-12-25,Meta Ads,Shopping,SaaS,UK,46291,1976,0.042686483333693376,0.73,1442.48,74,19.49297297297297,2307.39,1.5995993012034828,0.03744939271255061,864.9099999999999,0.3748434378236882
2024-08-02,Google Ads,Video,Fintech,Germany,33750,1410,0.041777777777777775,1.91,2693.1,106,25.406603773584905,5682.79,2.110129590434815,0.075177304964539,2989.69,0.5260954566330975
2024-01-26,Meta Ads,Search,Healthcare,USA,177593,1811,0.01019747399953827,0.79,1430.69,128,11.177265625,17092.48,11.947018571458527,0.0706791827719492,15661.789999999999,0.9162971084359905
2024-03-23,Google Ads,Display,SaaS,India,150465,5311,0.03529724520652643,3.13,16623.43,295,56.350610169491524,57602.12,3.4651164049777936,0.05554509508567125,40978.69,0.7114094064593456
2024-12-08,TikTok Ads,Shopping,SaaS,Canada,25860,1569,0.06067285382830626,1.08,1694.52,79,21.449620253164557,13162.62,7.767757240988599,0.05035054174633524,11468.1,0.8712627121348181
2024-08-17,Google Ads,Display,SaaS,Germany,41375,2350,0.056797583081571,2.2,5170.0,148,34.932432432432435,14702.27,2.8437659574468084,0.06297872340425532,9532.27,0.6483536215836058
2024-04-28,Meta Ads,Display,SaaS,UAE,26159,782,0.029894109102029894,1.51,1180.82,52,22.708076923076923,8689.29,7.35869141782829,0.06649616368286446,7508.470000000001,0.8641062733549002
2024-02-06,Meta Ads,Display,EdTech,India,184541,3063,0.016597937585685566,1.72,5268.36,215,24.503999999999998,16566.88,3.144599078271037,0.0701926216127979,11298.52,0.6819944370937678
2024-08-31,Meta Ads,Video,E-commerce,UAE,196373,5184,0.0263987411711386,0.86,4458.24,173,25.770173410404624,36583.06,8.20571795147861,0.033371913580246916,32124.82,0.8781337591770618
2024-01-10,Google Ads,Video,Healthcare,Australia,131031,6092,0.04649281467744274,2.94,17910.48,482,37.15867219917013,116431.98,6.500773848607072,0.07912015758371635,98521.5,0.8461721599168889
2024-01-15,Meta Ads,Search,EdTech,Germany,113269,3182,0.02809241716621494,1.53,4868.46,185,26.316,53909.5,11.073214116989767,0.05813953488372093,49041.04,0.9096919837876442
2024-11-27,TikTok Ads,Video,SaaS,USA,92346,6815,0.0737985402724536,0.82,5588.3,469,11.915351812366739,125930.93,22.534747597659393,0.06881878209831255,120342.62999999999,0.9556240869498859
2024-10-05,Google Ads,Search,Fintech,Australia,143241,7133,0.049797194937203734,2.06,14693.98,272,54.02198529411765,60208.51,4.097495028576329,0.038132623019767276,45514.53,0.7559484531339506
2024-07-11,Meta Ads,Video,SaaS,UK,194137,2640,0.013598644256375652,2.41,6362.4,49,129.84489795918367,6668.85,1.0481657864956622,0.018560606060606062,306.4500000000007,0.04595245057243763
2024-01-24,TikTok Ads,Shopping,EdTech,UK,79967,2327,0.029099503545212402,1.05,2443.35,43,56.82209302325581,11334.87,4.639069310577691,0.01847872797593468,8891.52,0.7844395215825148
2024-08-31,Meta Ads,Video,E-commerce,UAE,60919,1851,0.030384609071061573,1.79,3313.29,131,25.292290076335878,19210.72,5.798079854163083,0.07077255537547272,15897.43,0.8275291087476159
2024-09-27,TikTok Ads,Search,SaaS,Canada,40886,1782,0.04358460108594629,0.55,980.1,132,7.425,28189.38,28.761738598102234,0.07407407407407407,27209.280000000002,0.9652315872147597
2024-03-30,TikTok Ads,Shopping,SaaS,India,37646,1874,0.04977952504914201,1.1,2061.4,144,14.315277777777778,16795.87,8.147797613272532,0.0768409818569904,14734.47,0.8772674472950791
2024-03-15,Meta Ads,Search,EdTech,Germany,117529,4266,0.03629742446545108,1.03,4393.98,308,14.26616883116883,62119.33,14.137372040837693,0.07219878105954056,57725.350000000006,0.9292654959414405
2024-05-28,TikTok Ads,Video,Fintech,India,150250,7196,0.04789351081530782,0.67,4821.32,534,9.028689138576778,36153.63,7.498699526270814,0.07420789327404113,31332.309999999998,0.866643543124162
2024-05-31,Meta Ads,Video,E-commerce,Germany,196929,2382,0.012095729933123106,1.3,3096.6,143,21.654545454545453,38447.59,12.416066007879609,0.0600335852225021,35350.99,0.9194591910702336
2024-10-20,Google Ads,Search,Healthcare,Germany,91491,4053,0.044299439289110405,1.74,7052.22,140,50.373000000000005,19432.37,2.7554968506371043,0.03454231433506045,12380.149999999998,0.637089042664379
2024-12-04,Google Ads,Video,E-commerce,UK,154741,6019,0.03889725412140286,1.04,6259.76,220,28.453454545454548,38586.7,6.16424591358135,0.03655092208007975,32326.939999999995,0.8377741553436805
2024-10-27,TikTok Ads,Display,E-commerce,India,72963,5618,0.07699793045790332,0.48,2696.64,412,6.545242718446602,16464.01,6.105379286816186,0.07333570665717337,13767.369999999999,0.8362100120201579
2024-09-15,Google Ads,Video,Fintech,USA,194281,5906,0.030399267041038496,2.5,14765.0,371,39.79784366576819,20958.57,1.4194764646122586,0.06281747375550288,6193.57,0.2955149134697644
2024-09-28,Meta Ads,Display,E-commerce,UAE,92844,3277,0.03529576493903753,1.81,5931.37,63,94.14873015873016,10318.61,1.7396672269644282,0.01922490082392432,4387.240000000001,0.42517742215279
2024-05-11,Google Ads,Video,SaaS,UAE,132441,2436,0.01839309579359866,2.09,5091.24,135,37.712888888888884,8958.33,1.7595575930421665,0.05541871921182266,3867.09,0.43167532341407383
2024-10-08,Meta Ads,Search,EdTech,Germany,110977,2829,0.02549176856465754,0.66,1867.14,48,38.89875,10643.48,5.700418822370041,0.016967126193001062,8776.34,0.8245742933702136
2024-09-30,Google Ads,Search,Healthcare,UAE,50076,2964,0.059190031152647975,3.4,10077.6,94,107.20851063829788,28058.66,2.7842601413034846,0.03171390013495277,17981.059999999998,0.6408381583439836
2024-10-30,Google Ads,Search,SaaS,Australia,180590,4857,0.026895176920095243,1.51,7334.07,333,22.024234234234232,91782.77,12.514575126771357,0.06856084002470661,84448.70000000001,0.9200931721716397
2024-06-19,Meta Ads,Search,Fintech,UAE,153530,3899,0.025395688139125905,2.31,9006.69,302,29.823476821192056,21392.38,2.375165571369726,0.0774557578866376,12385.69,0.5789767197478728
2024-01-05,Google Ads,Video,SaaS,India,135223,3285,0.02429320455839613,3.02,9920.7,201,49.35671641791045,46154.22,4.652314856814539,0.06118721461187215,36233.520000000004,0.7850532410687474
2024-12-30,Meta Ads,Display,EdTech,USA,108152,4250,0.03929654560248539,0.72,3060.0,160,19.125,12452.25,4.069362745098039,0.03764705882352941,9392.25,0.7542612780822743
2024-03-03,Google Ads,Video,Healthcare,Germany,76442,2392,0.03129169828104968,1.64,3922.88,160,24.518,14390.19,3.668271779916796,0.06688963210702341,10467.310000000001,0.7273920636211197
2024-11-12,Google Ads,Video,EdTech,Germany,57335,1869,0.032597889596232665,2.75,5139.75,133,38.64473684210526,11136.73,2.166784376672017,0.07116104868913857,5996.98,0.5384866114200487
2024-11-25,TikTok Ads,Display,SaaS,UK,82661,4769,0.057693470923410074,1.33,6342.77,271,23.405055350553507,79985.87,12.610558163073861,0.0568253302579157,73643.09999999999,0.9207013688792782
2024-04-30,Google Ads,Shopping,Fintech,India,72902,4942,0.06778963540094922,3.3,16308.6,323,50.49102167182663,33499.38,2.0540929325631874,0.06535815459328208,17190.78,0.513167109361427
2024-02-01,Meta Ads,Search,E-commerce,UK,63528,711,0.011191915375897242,1.49,1059.39,23,46.0604347826087,4567.68,4.311613286891513,0.03234880450070324,3508.29,0.7680682534678436
2024-12-18,TikTok Ads,Shopping,Fintech,USA,169238,6583,0.0388978834540706,0.53,3488.99,507,6.88163708086785,146453.92,41.9760217140204,0.07701655780039496,142964.93000000002,0.976176875292925
2024-12-06,Meta Ads,Display,SaaS,Canada,14815,189,0.012757340533243334,0.55,103.95,3,34.65,142.69,1.3726791726791727,0.015873015873015872,38.739999999999995,0.27149765225313616
2024-08-21,TikTok Ads,Search,Healthcare,Germany,47278,2803,0.059287617919539744,1.69,4737.07,201,23.567512437810944,39448.18,8.327548463501701,0.07170888333927934,34711.11,0.8799166400072196
2024-02-17,Google Ads,Video,Fintech,UAE,15046,400,0.02658513890735079,1.18,472.0,4,118.0,142.71,0.30235169491525427,0.01,-329.28999999999996,-2.307406628827692
2024-08-04,Meta Ads,Shopping,SaaS,Canada,58968,1715,0.029083570750237417,1.49,2555.35,127,20.120866141732282,13332.87,5.217629678908956,0.07405247813411078,10777.52,0.8083420898876236
2024-02-21,Google Ads,Search,Healthcare,India,13083,707,0.05403959336543606,2.38,1682.66,41,41.04048780487805,10442.74,6.206090356934853,0.05799151343705799,8760.08,0.838867959941548
2024-12-17,TikTok Ads,Search,SaaS,Germany,109222,7306,0.06689128563842449,1.09,7963.54,124,64.22209677419355,12349.14,1.5507098601878058,0.016972351491924446,4385.599999999999,0.35513404172274343
2024-04-04,TikTok Ads,Search,SaaS,UK,45382,2246,0.049490987616235514,1.59,3571.14,46,77.63347826086957,2662.9,0.7456722503178257,0.020480854853072127,-908.2399999999998,-0.34107176386646126
2024-09-15,Meta Ads,Display,Healthcare,UAE,196432,6501,0.033095422334446525,0.4,2600.4,462,5.628571428571429,52195.74,20.072196585140745,0.07106598984771574,49595.34,0.9501798422629892
2024-12-05,TikTok Ads,Search,EdTech,India,71470,2065,0.02889324191968658,1.18,2436.7,37,65.85675675675675,10377.15,4.258690031600115,0.01791767554479419,7940.45,0.7651860096461938
2024-01-01,TikTok Ads,Display,SaaS,USA,103026,9066,0.08799720458913284,1.43,12964.38,278,46.634460431654674,46631.0,3.596855383751479,0.030664019413192148,33666.62,0.721979369947031
2024-07-13,Meta Ads,Display,Fintech,India,140793,2886,0.020498178176471843,1.52,4386.72,141,31.11148936170213,12104.44,2.7593372724951672,0.04885654885654886,7717.72,0.6375941390101484
2024-07-24,Meta Ads,Search,Fintech,Canada,8970,306,0.03411371237458194,0.6,183.6,22,8.345454545454546,4976.05,27.102668845315907,0.0718954248366013,4792.45,0.9631032646376141
2024-12-18,Meta Ads,Display,Fintech,Germany,177825,4285,0.02409672430760579,0.78,3342.3,163,20.504907975460124,29602.7,8.856984711127067,0.03803967327887981,26260.4,0.887094758248403
2024-12-07,Meta Ads,Display,SaaS,UAE,122512,4532,0.036992294632362546,1.84,8338.88,61,136.7029508196721,5305.8,0.6362724970259795,0.013459841129744042,-3033.079999999999,-0.5716536620302308
2024-06-09,Google Ads,Search,EdTech,Canada,107548,4258,0.039591624205006136,3.2,13625.6,145,93.9696551724138,17656.92,1.2958636683889149,0.03405354626585251,4031.319999999998,0.22831388486780244
2024-07-06,TikTok Ads,Display,Healthcare,UK,89224,5255,0.05889670940554111,1.99,10457.45,336,31.123363095238098,94667.83,9.052668671616885,0.06393910561370124,84210.38,0.8895353363439302
2024-10-27,Meta Ads,Display,E-commerce,UK,100561,3781,0.03759906922166645,1.39,5255.59,124,42.383790322580644,34626.86,6.588577115033707,0.03279555673102354,29371.27,0.8482221604846643
2024-05-31,Google Ads,Search,Fintech,UAE,50111,2320,0.04629722017121989,2.73,6333.6,153,41.39607843137255,30016.66,4.7392730832386,0.06594827586206897,23683.059999999998,0.7889971769010942
2024-03-22,Google Ads,Display,SaaS,Germany,65985,1445,0.021898916420398575,0.82,1184.9,63,18.80793650793651,4237.85,3.576546544012153,0.04359861591695502,3052.9500000000003,0.7204006748705122
2024-07-25,Meta Ads,Video,E-commerce,Germany,93257,1930,0.02069549738893595,1.32,2547.6,102,24.976470588235294,26767.95,10.507124352331607,0.05284974093264249,24220.350000000002,0.9048264809221477
2024-12-24,TikTok Ads,Search,SaaS,India,102847,6458,0.06279230312989198,1.17,7555.86,314,24.06324840764331,81199.4,10.746546389160201,0.04862186435428925,73643.54,0.9069468493609558
2024-02-18,Meta Ads,Search,SaaS,UAE,161738,5046,0.03119860515154138,1.66,8376.36,258,32.46651162790698,29417.67,3.511987307135796,0.05112960760998811,21041.309999999998,0.7152609299104925
2024-05-07,Meta Ads,Shopping,Healthcare,Australia,46516,772,0.016596439934646143,0.59,455.48,39,11.67897435897436,4874.74,10.702423816633,0.050518134715025906,4419.26,0.9065632218333697
2024-11-02,Google Ads,Video,SaaS,Canada,7802,340,0.04357856959753909,2.37,805.8,14,57.55714285714286,799.08,0.9916604616530157,0.041176470588235294,-6.719999999999914,-0.00840967112178995
2024-10-22,Google Ads,Search,EdTech,USA,15960,750,0.046992481203007516,1.72,1290.0,40,32.25,6919.55,5.363992248062016,0.05333333333333334,5629.55,0.8135716918007674
2024-01-16,TikTok Ads,Shopping,SaaS,Australia,55701,4138,0.07428951006265597,0.34,1406.92,229,6.143755458515284,20016.59,14.227241065590082,0.05534074432092798,18609.67,0.929712303644127
2024-06-30,Google Ads,Display,E-commerce,India,64757,3976,0.06139876770078911,1.43,5685.68,58,98.02896551724139,4380.33,0.7704144447102194,0.014587525150905433,-1305.3500000000004,-0.2980026618999026
2024-04-04,TikTok Ads,Search,SaaS,UK,199291,16660,0.08359634905740851,1.16,19325.6,1016,19.021259842519683,207611.26,10.742810572504865,0.060984393757503,188285.66,0.906914490090759
2024-09-18,TikTok Ads,Shopping,EdTech,UK,116800,8351,0.07149828767123288,0.7,5845.7,493,11.857403651115618,80828.76,13.827045520639102,0.05903484612621243,74983.06,0.9276779700690695
2024-10-30,Meta Ads,Shopping,Healthcare,Canada,88470,2459,0.027794732677743867,0.99,2434.41,165,14.754,44145.0,18.1337572553514,0.06710044733631558,41710.59,0.9448542303771661
2024-03-07,TikTok Ads,Display,Healthcare,Australia,186782,14270,0.07639922476469896,1.08,15411.6,931,16.553813104189043,224929.42,14.594812998001506,0.06524176594253679,209517.82,0.931482506823696
2024-12-08,Google Ads,Display,Healthcare,UAE,121832,6786,0.05569965197977543,1.18,8007.48,139,57.60776978417266,28929.72,3.6128369974074244,0.020483348069554964,20922.24,0.7232092118416632
2024-09-11,Google Ads,Video,E-commerce,USA,88514,1610,0.018189213005852183,0.86,1384.6,77,17.98181818181818,22165.04,16.008262314025714,0.04782608695652174,20780.440000000002,0.9375322580063019
2024-10-14,Meta Ads,Display,Fintech,India,125424,3787,0.030193583365225155,0.48,1817.76,253,7.1848221343873515,36320.54,19.980932576357716,0.06680749933984685,34502.78,0.9499522859516956
2024-12-06,TikTok Ads,Video,Healthcare,UAE,23883,1332,0.05577188795377465,1.56,2077.92,66,31.483636363636364,10903.46,5.247295372295372,0.04954954954954955,8825.539999999999,0.8094256318636469
2024-05-08,Meta Ads,Shopping,E-commerce,Germany,49864,2074,0.041593133322637574,1.75,3629.5,73,49.71917808219178,14018.44,3.862361206777793,0.0351976856316297,10388.94,0.7410910201135077
2024-07-27,Google Ads,Video,SaaS,UAE,190890,7616,0.039897323065639895,1.16,8834.56,141,62.65645390070922,25751.07,2.9148106979860913,0.018513655462184874,16916.510000000002,0.6569245472129897
2024-11-02,Google Ads,Display,EdTech,UK,146295,3394,0.023199699237841348,3.41,11573.54,195,59.35148717948719,49666.69,4.29140003836337,0.05745433117265763,38093.15,0.7669758141724363
2024-09-23,Meta Ads,Search,SaaS,India,29343,346,0.011791568687591588,2.01,695.46,7,99.35142857142857,672.01,0.966281310211946,0.02023121387283237,-23.450000000000045,-0.03489531405782659
2024-09-25,TikTok Ads,Display,EdTech,Australia,154712,10288,0.06649775065928952,1.08,11111.04,439,25.3098861047836,80440.02,7.239648133748056,0.042671073094867805,69328.98000000001,0.8618717399622726
2024-04-06,TikTok Ads,Video,EdTech,Germany,60438,5554,0.09189582712862769,1.44,7997.76,286,27.964195804195803,35506.6,4.439568079062137,0.051494418437162404,27508.839999999997,0.7747528628480338
2024-06-01,Google Ads,Shopping,EdTech,Australia,18149,918,0.050581299245137476,1.62,1487.16,14,106.22571428571429,3557.93,2.392432556012803,0.015250544662309368,2070.7699999999995,0.5820153853504705
2024-10-02,TikTok Ads,Shopping,SaaS,Germany,39626,1172,0.02957654065512542,0.58,679.76,22,30.89818181818182,1100.59,1.6190861480522536,0.01877133105802048,420.8299999999999,0.3823676391753514
2024-04-20,TikTok Ads,Shopping,E-commerce,UAE,103730,4335,0.04179118866287477,1.48,6415.8,104,61.690384615384616,27379.91,4.267575360827956,0.023990772779700114,20964.11,0.7656749054324868
2024-06-29,Google Ads,Display,Healthcare,USA,35346,1279,0.0361851411758049,2.54,3248.66,48,67.68041666666666,1649.56,0.5077662790196573,0.03752931978107897,-1599.1,-0.9694100244913795
2024-01-30,Meta Ads,Video,Healthcare,Australia,57776,1490,0.02578925505400166,1.18,1758.2,107,16.43177570093458,22435.51,12.76049937436014,0.07181208053691275,20677.309999999998,0.9216331610023574
2024-09-25,Meta Ads,Shopping,SaaS,UAE,178916,4723,0.026397862684164636,1.54,7273.42,147,49.47904761904762,29612.74,4.071363952583517,0.031124285411814525,22339.32,0.754382066637535
2024-12-15,Meta Ads,Search,Fintech,Canada,34778,705,0.020271435965265396,1.56,1099.8,35,31.42285714285714,2280.29,2.0733678850700126,0.04964539007092199,1180.49,0.5176929250226945
2024-06-05,TikTok Ads,Search,Fintech,Australia,179120,8794,0.04909557838320679,0.96,8442.24,646,13.068482972136223,31918.96,3.78086384656205,0.07345917671139414,23476.72,0.7355101795296589
2024-06-19,Meta Ads,Display,Fintech,UAE,91706,1650,0.017992279676357054,1.68,2772.0,80,34.65,8391.32,3.027171717171717,0.048484848484848485,5619.32,0.6696586472688445
2024-09-16,Meta Ads,Display,EdTech,Germany,7056,227,0.032171201814058956,0.82,186.14,6,31.02333333333333,1653.16,8.881272160739229,0.02643171806167401,1467.02,0.8874035181107697
2024-01-21,Meta Ads,Display,E-commerce,Germany,161646,5253,0.032496937752867376,1.0,5253.0,228,23.039473684210527,43732.39,8.325221778031601,0.043403769274700174,38479.39,0.8798830797950901
2024-04-05,Google Ads,Video,SaaS,Canada,177115,8005,0.045196623662592104,2.9,23214.5,460,50.46630434782609,108688.43,4.681919920739193,0.05746408494690818,85473.93,0.7864124083860627
2024-10-03,TikTok Ads,Search,Healthcare,Australia,141087,10609,0.0751947379985399,0.44,4667.96,737,6.333731343283582,190244.62,40.75540921516037,0.0694693185031577,185576.66,0.9754633797265857
2024-11-03,TikTok Ads,Video,SaaS,Australia,184745,12451,0.0673955993396303,1.67,20793.17,404,51.468242574257424,23357.33,1.1233174162477393,0.03244719299654646,2564.1600000000035,0.10977967087847812
2024-09-10,Google Ads,Shopping,E-commerce,UAE,104969,5773,0.054997189646467055,1.42,8197.66,142,57.73,24245.52,2.957614733960667,0.024597263121427335,16047.86,0.6618897016850949
2024-06-03,TikTok Ads,Shopping,Fintech,India,80885,3995,0.049391110836372626,0.44,1757.8,79,22.250632911392405,10692.34,6.0827966776652636,0.019774718397997496,8934.54,0.8356019355912738
2024-04-15,Google Ads,Video,E-commerce,Canada,33807,807,0.02387079598899636,2.03,1638.21,25,65.5284,5072.77,3.096532190622692,0.030978934324659233,3434.5600000000004,0.677058096464062
2024-03-21,Meta Ads,Search,SaaS,India,198074,5783,0.029196159011278613,0.61,3527.63,263,13.413041825095057,60037.86,17.019318919501195,0.04547812554037697,56510.23,0.9412432421808506
2024-11-17,Google Ads,Search,EdTech,UK,115282,4876,0.042296282160267866,3.76,18333.76,77,238.1007792207792,2427.15,0.13238691899533978,0.01579163248564397,-15906.609999999999,-6.553616381352614
2024-02-27,Google Ads,Display,Healthcare,USA,45880,2817,0.06139930252833479,1.14,3211.38,62,51.796451612903226,2770.83,0.8628159856510285,0.022009229676961305,-440.5500000000002,-0.15899567999480307
2024-05-21,Meta Ads,Search,Healthcare,Germany,20993,583,0.027771161815843378,1.28,746.24,45,16.583111111111112,4493.83,6.021963443396226,0.07718696397941681,3747.59,0.8339412038283602
2024-03-11,Google Ads,Video,SaaS,Canada,183448,8053,0.04389799834285465,2.08,16750.24,351,47.72148148148148,74979.38,4.476316757252433,0.043586241152365576,58229.14,0.7766020471228222
2024-01-21,TikTok Ads,Shopping,EdTech,UAE,119944,9331,0.07779463749749883,0.61,5691.91,717,7.9385076708507665,101587.49,17.84769787294599,0.07684063873111135,95895.58,0.9439703648549639
2024-01-27,TikTok Ads,Search,Healthcare,Canada,69198,3529,0.050998583774097515,0.55,1940.95,256,7.5818359375,15199.33,7.8308714804605986,0.07254179654293001,13258.38,0.8723002921839318
2024-12-08,Meta Ads,Search,Healthcare,UK,46936,2234,0.047596727458667124,0.79,1764.86,55,32.08836363636363,5977.87,3.3871638543567197,0.024619516562220233,4213.01,0.7047677517242764
2024-07-04,TikTok Ads,Video,EdTech,India,21689,895,0.041265157453086815,0.95,850.25,22,38.64772727272727,4747.38,5.583510732137607,0.024581005586592177,3897.13,0.8209012128795251
2024-03-14,TikTok Ads,Search,EdTech,India,24504,899,0.03668788769180542,1.42,1276.58,41,31.136097560975607,3721.4,2.91513261996898,0.04560622914349277,2444.82,0.6569624334927716
2024-04-16,Meta Ads,Shopping,E-commerce,Canada,119053,4000,0.033598481348643044,1.01,4040.0,152,26.57894736842105,25959.16,6.425534653465347,0.038,21919.16,0.844370927256506
2024-01-21,TikTok Ads,Search,Healthcare,Canada,160522,5425,0.033795990580730365,1.11,6021.75,398,15.13002512562814,79057.93,13.128730020342923,0.07336405529953917,73036.18,0.9238311703835402
2024-08-04,Google Ads,Shopping,EdTech,UK,158627,7725,0.048699149577310294,2.88,22248.0,299,74.40802675585284,66700.13,2.9980281373606616,0.03870550161812298,44452.130000000005,0.6664474267141608
2024-06-26,Meta Ads,Video,SaaS,Germany,157955,2780,0.01759994935266373,0.62,1723.6,202,8.532673267326732,49191.36,28.53989324669297,0.07266187050359713,47467.76,0.9649613265418968
2024-03-16,Meta Ads,Shopping,EdTech,USA,196112,2647,0.01349738924696092,1.51,3996.97,187,21.37417112299465,16387.67,4.100023267625226,0.07064601435587457,12390.699999999999,0.7560989451215456
2024-02-15,Meta Ads,Display,EdTech,Germany,67167,1907,0.02839191865052779,1.43,2727.01,114,23.921140350877195,20596.75,7.552869259738688,0.05977975878342947,17869.739999999998,0.8675999854345952
2024-08-07,Google Ads,Display,Healthcare,India,90550,3966,0.04379900607399227,2.76,10946.16,207,52.88,7960.57,0.7272477288839191,0.05219364599092285,-2985.59,-0.37504726420344275
2024-09-07,Google Ads,Shopping,EdTech,USA,91150,4119,0.04518924849149753,3.83,15775.77,98,160.9772448979592,4547.95,0.28828703765331265,0.02379218256858461,-11227.82,-2.4687650479886543
2024-04-20,Google Ads,Display,Fintech,India,157832,4072,0.02579958436818896,2.38,9691.36,124,78.15612903225806,34560.39,3.5661032094566703,0.030451866404715127,24869.03,0.7195818681444277
2024-09-27,Google Ads,Video,Fintech,India,28958,1355,0.0467919055183369,2.87,3888.85,49,79.36428571428571,13909.3,3.5767129099862425,0.03616236162361624,10020.449999999999,0.72041368005579
2024-11-09,Meta Ads,Shopping,EdTech,UAE,8487,271,0.031931188877106165,0.91,246.61,14,17.615000000000002,4179.96,16.949677628644416,0.05166051660516605,3933.35,0.9410018277686868
2024-01-04,Meta Ads,Shopping,Healthcare,Canada,91284,2126,0.023289952236974717,0.92,1955.92,132,14.817575757575758,23916.94,12.227974559286677,0.062088428974600186,21961.019999999997,0.9182203074473573
2024-03-22,Meta Ads,Video,Fintech,Germany,84737,1415,0.016698726648335438,0.61,863.15,67,12.882835820895522,10044.57,11.637108266234142,0.04734982332155477,9181.42,0.9140679989287744
2024-11-26,Meta Ads,Search,EdTech,Australia,31547,772,0.02447142359019875,1.99,1536.28,15,102.41866666666667,4188.5,2.7263910224698624,0.019430051813471502,2652.2200000000003,0.6332147546854483
2024-12-29,Meta Ads,Video,SaaS,Canada,162038,2722,0.01679852874017206,0.77,2095.94,71,29.520281690140845,16951.26,8.087664723226808,0.026083761939750184,14855.319999999998,0.8763549140299894
2024-08-28,Google Ads,Video,EdTech,UAE,145119,9998,0.06889518257430109,1.46,14597.08,233,62.64841201716738,60859.85,4.16931674006034,0.023304660932186437,46262.77,0.7601525472047663
2024-05-10,TikTok Ads,Display,Healthcare,Canada,92601,4065,0.04389801406032332,0.52,2113.8,324,6.524074074074075,24076.73,11.390259248746332,0.07970479704797048,21962.93,0.9122056857388857
2024-12-30,Google Ads,Shopping,Healthcare,Canada,148041,8053,0.054397092697293314,3.47,27943.91,98,285.1419387755102,4146.07,0.14837114777423774,0.012169377871600646,-23797.84,-5.739854850496977
2024-09-25,Google Ads,Display,E-commerce,UK,25195,738,0.02929152609644771,2.61,1926.18,12,160.51500000000001,432.4,0.22448576976191215,0.016260162601626018,-1493.7800000000002,-3.454625346901018
2024-01-21,Google Ads,Display,EdTech,Australia,186465,8689,0.04659855737001582,2.42,21027.38,367,57.29531335149864,57833.06,2.7503692804334157,0.04223731154333065,36805.67999999999,0.6364124602779101
2024-09-06,Google Ads,Shopping,Fintech,Australia,136960,5382,0.03929614485981309,1.42,7642.44,230,33.228,39826.63,5.211245361429072,0.042735042735042736,32184.19,0.8081072890174238
2024-04-21,Google Ads,Video,EdTech,USA,193405,7852,0.04059874356919418,0.96,7537.92,459,16.42248366013072,79715.61,10.575279387417218,0.05845644421803362,72177.69,0.9054398504885054
2024-06-05,Meta Ads,Video,Healthcare,USA,118591,4043,0.03409196313379599,1.15,4649.45,303,15.344719471947194,36581.13,7.867840282183914,0.07494434825624537,31931.679999999997,0.8729003177321203
2024-02-07,Google Ads,Search,Fintech,Germany,163349,7906,0.048399439237460894,2.68,21188.08,360,58.85577777777778,44353.83,2.0933388018168704,0.04553503668100177,23165.75,0.5222942415570425
2024-08-31,Google Ads,Video,Healthcare,USA,166957,5476,0.032798864378253086,1.22,6680.72,137,48.7643795620438,35345.21,5.290628854374977,0.02501826150474799,28664.489999999998,0.810986552350375
2024-06-28,Meta Ads,Display,SaaS,UK,169818,4992,0.029396177083701375,1.9,9484.8,146,64.96438356164383,26864.23,2.832345436909582,0.029246794871794872,17379.43,0.6469357208451536
2024-11-04,Google Ads,Display,EdTech,India,158441,3976,0.025094514677387797,2.72,10814.72,300,36.04906666666666,51868.85,4.796134342821635,0.07545271629778671,41054.13,0.791498751177248
2024-12-25,Google Ads,Display,E-commerce,UK,10380,503,0.048458574181117535,2.0,1006.0,15,67.06666666666666,1306.45,1.298658051689861,0.02982107355864811,300.45000000000005,0.2299743579930346
2024-09-21,Google Ads,Shopping,SaaS,Australia,27791,930,0.03346407110215537,1.49,1385.7,73,18.982191780821918,10712.26,7.730576603882514,0.07849462365591398,9326.56,0.8706435430058642
2024-03-28,Meta Ads,Shopping,E-commerce,Australia,124870,2622,0.020997837751261312,1.68,4404.96,140,31.464,13095.31,2.9728555991427843,0.05339435545385202,8690.349999999999,0.6636230833787057
2024-08-30,Meta Ads,Display,Healthcare,Australia,137053,5550,0.0404952828467819,1.52,8436.0,381,22.141732283464567,43644.89,5.173647463252727,0.06864864864864866,35208.89,0.8067127675198631
2024-04-21,Meta Ads,Search,E-commerce,UAE,43062,1322,0.030699921044075984,0.7,925.4,23,40.23478260869565,2104.08,2.2736978603846985,0.01739788199697428,1178.6799999999998,0.5601878255579635
2024-09-03,Google Ads,Video,SaaS,USA,177472,9210,0.05189551027767761,2.03,18696.3,410,45.600731707317074,45066.38,2.4104437776458445,0.04451682953311618,26370.079999999998,0.5851386332782886
2024-05-26,Google Ads,Display,Healthcare,Australia,25967,656,0.02526283359648785,2.69,1764.64,24,73.52666666666667,1078.62,0.6112408196572671,0.036585365853658534,-686.0200000000002,-0.6360163913148285
2024-09-25,TikTok Ads,Shopping,SaaS,Canada,139162,7152,0.05139334013595666,1.39,9941.28,137,72.56408759124088,29124.09,2.9296116797836897,0.019155480984340046,19182.809999999998,0.6586578327425852
2024-12-22,Google Ads,Display,Fintech,UK,45364,1628,0.03588748787584869,1.23,2002.44,113,17.720707964601772,10930.4,5.4585405804918,0.06941031941031942,8927.96,0.8168008490082704
2024-01-15,Google Ads,Display,E-commerce,UK,62320,3857,0.061890243902439024,1.01,3895.57,158,24.655506329113926,17905.2,4.596297846014832,0.04096448016593207,14009.630000000001,0.7824335947099167
2024-11-15,Meta Ads,Shopping,SaaS,Canada,141436,3026,0.021394835826805056,1.84,5567.84,108,51.55407407407407,24540.41,4.407527874364206,0.0356906807666887,18972.57,0.7731154450964756
2024-10-18,Meta Ads,Video,EdTech,Germany,152318,4554,0.02989797660158353,1.08,4918.32,296,16.615945945945946,64805.54,13.176356967419771,0.06499780412823891,59887.22,0.924106488426761
2024-09-01,Google Ads,Search,SaaS,USA,27778,1902,0.06847145222838218,1.55,2948.1,125,23.584799999999998,15444.21,5.238699501373766,0.06572029442691903,12496.109999999999,0.809112929699868
2024-08-19,TikTok Ads,Video,E-commerce,UK,82400,3708,0.045,0.8,2966.4,139,21.341007194244604,31548.51,10.635285194174756,0.03748651564185545,28582.109999999997,0.9059733724350214
2024-11-29,Google Ads,Search,Healthcare,UK,195606,10817,0.055299939674652104,3.53,38184.01,122,312.9836885245902,7355.91,0.1926437270470021,0.01127854303411297,-30828.100000000002,-4.190929470317065
2024-11-20,TikTok Ads,Shopping,Fintech,Canada,18181,1179,0.06484791815631703,0.64,754.56,24,31.439999999999998,4581.7,6.072015479219678,0.020356234096692113,3827.14,0.8353100377589104
2024-04-26,Google Ads,Video,SaaS,USA,86560,5323,0.061494916820702406,0.91,4843.93,94,51.53117021276596,8283.62,1.7101031600374077,0.01765921472853654,3439.6900000000005,0.415239955478402
2024-03-11,Google Ads,Video,Fintech,USA,89845,2605,0.028994379208637098,1.74,4532.7,155,29.243225806451612,14107.55,3.112394378626426,0.05950095969289827,9574.849999999999,0.6787039563921445
2024-06-08,Meta Ads,Shopping,Fintech,Germany,194121,6270,0.032299442100545535,0.69,4326.3,133,32.52857142857143,11409.44,2.6372281164043176,0.021212121212121213,7083.14,0.620813992623652
2024-10-23,Meta Ads,Video,SaaS,Canada,81313,1089,0.013392692435403933,1.43,1557.27,77,20.224285714285713,3549.91,2.2795725853577093,0.0707070707070707,1992.6399999999999,0.56132127293368
2024-08-15,Google Ads,Display,Healthcare,USA,95153,5404,0.05679274431704728,1.7,9186.8,74,124.14594594594594,20688.95,2.252030086646058,0.013693560325684678,11502.150000000001,0.5559561988404439
2024-02-17,Meta Ads,Display,Fintech,Germany,104926,3273,0.031193412500238264,1.48,4844.04,65,74.5236923076923,12449.27,2.570018001502878,0.019859456156431407,7605.2300000000005,0.6108976670921267
2024-12-06,Meta Ads,Shopping,SaaS,Germany,16093,466,0.028956689243770584,0.83,386.78,28,13.813571428571427,5468.73,14.13912301566782,0.060085836909871244,5081.95,0.9292742556315635
2024-11-27,Google Ads,Shopping,EdTech,Canada,155338,10718,0.06899792710090255,1.86,19935.48,411,48.504817518248174,112821.78,5.659346050358456,0.038346706475088636,92886.3,0.8233011391949321
2024-11-13,Google Ads,Video,EdTech,Canada,179877,4317,0.023999733150986507,2.54,10965.18,215,51.000837209302325,13004.03,1.1859385801236277,0.04980310400741256,2038.8500000000004,0.1567860117209819
2024-08-24,TikTok Ads,Video,E-commerce,Australia,185510,9739,0.05249851760012937,2.05,19964.95,461,43.307917570498915,116711.4,5.845814790420211,0.0473354553855632,96746.45,0.8289374474130206
2024-08-20,TikTok Ads,Search,EdTech,Germany,135992,8023,0.05899611741867169,0.4,3209.2,640,5.014374999999999,50560.98,15.755010594540698,0.07977065935435623,47351.780000000006,0.9365281290038288
2024-01-16,Google Ads,Search,EdTech,Germany,192593,4949,0.025696676410876824,1.83,9056.67,172,52.65505813953489,20836.16,2.30064250988498,0.03475449585774904,11779.49,0.5653388148296039
2024-12-30,Meta Ads,Search,EdTech,UAE,18487,693,0.03748580083301779,0.49,339.57,36,9.4325,7765.15,22.867597255352358,0.05194805194805195,7425.58,0.9562700012234149
2024-11-24,Meta Ads,Video,EdTech,UK,88452,3361,0.03799801022023244,1.63,5478.43,180,30.435722222222225,8119.45,1.4820760692388146,0.05355548943766736,2641.0199999999995,0.32527080036209344
2024-10-16,TikTok Ads,Display,Fintech,USA,178714,7559,0.042296630370312345,1.14,8617.26,312,27.619423076923077,39985.98,4.64021974502336,0.04127530096573621,31368.72,0.7844929647841569
2024-07-05,TikTok Ads,Display,SaaS,UK,113190,3984,0.03519745560561887,1.41,5617.44,172,32.65953488372093,10269.39,1.828126335127745,0.04317269076305221,4651.95,0.4529918524858828
2024-04-13,Meta Ads,Video,E-commerce,Australia,126103,4300,0.03409910945814136,1.09,4687.0,313,14.97444089456869,18027.88,3.8463580115212292,0.0727906976744186,13340.880000000001,0.7400138008462448
2024-12-21,Google Ads,Search,Healthcare,India,101355,4459,0.04399388288688274,2.55,11370.45,122,93.20040983606557,10455.25,0.9195106614074201,0.027360394707333483,-915.2000000000007,-0.08753497046938148
2024-02-16,Google Ads,Display,EdTech,Canada,197974,4375,0.022098861466657238,2.43,10631.25,347,30.637608069164266,73971.79,6.957957907113462,0.07931428571428571,63340.53999999999,0.8562796709394216
2024-04-07,Meta Ads,Shopping,Fintech,UK,49261,724,0.014697224985282475,0.62,448.88,31,14.48,1397.37,3.113014614150775,0.04281767955801105,948.4899999999999,0.6787679712602961
2024-01-31,TikTok Ads,Shopping,SaaS,India,174668,10916,0.06249570613964779,0.63,6877.08,310,22.184129032258063,37599.64,5.467384413152094,0.02839868083547087,30722.559999999998,0.8170971849730476
2024-10-16,Google Ads,Shopping,Fintech,USA,163178,5172,0.031695449141428376,2.21,11430.12,325,35.1696,14305.21,1.2515362918324566,0.0628383604021655,2875.0899999999983,0.20098201983752761
2024-11-17,TikTok Ads,Search,EdTech,USA,105726,8542,0.08079374988176986,1.4,11958.8,662,18.06465256797583,104498.78,8.738232933070208,0.077499414656989,92539.98,0.8855603864466168
2024-02-12,TikTok Ads,Display,Healthcare,UAE,74285,2094,0.028188732583967153,0.63,1319.22,92,14.339347826086957,18972.8,14.381831688421945,0.04393505253104107,17653.579999999998,0.9304678276269185
2024-01-29,Google Ads,Display,EdTech,USA,168471,6014,0.03569753844875379,0.97,5833.58,117,49.85965811965812,25231.33,4.325187963480402,0.01945460591952112,19397.75,0.7687961752313492
2024-10-09,TikTok Ads,Search,E-commerce,UK,128295,4695,0.03659534666198994,0.84,3943.8,276,14.28913043478261,42279.01,10.720373751204422,0.05878594249201278,38335.21,0.9067196701152652
2024-11-26,Meta Ads,Search,Healthcare,Australia,109777,2722,0.02479572223689844,1.44,3919.68,170,23.056941176470588,47040.47,12.001099579557515,0.06245407788390889,43120.79,0.9166743019361839
2024-09-17,TikTok Ads,Video,Healthcare,UAE,153537,7277,0.04739574174303263,1.0,7277.0,175,41.582857142857144,48117.42,6.612260546928679,0.024048371581695753,40840.42,0.8487657900194981
2024-08-30,Google Ads,Shopping,Fintech,Germany,20915,913,0.04365288070762611,1.03,940.39,37,25.415945945945946,3637.08,3.8676293878071863,0.040525739320920046,2696.69,0.741443685593938
2024-07-26,Meta Ads,Search,EdTech,UK,29992,605,0.020172045878901042,0.61,369.05,35,10.544285714285715,5311.42,14.392141986180734,0.05785123966942149,4942.37,0.9305176393506821
2024-03-05,Meta Ads,Search,Fintech,UK,187461,2511,0.013394786115512026,1.7,4268.7,189,22.585714285714285,16540.06,3.874730011478905,0.07526881720430108,12271.36,0.7419175021130515
2024-05-17,Google Ads,Display,E-commerce,Australia,107885,3344,0.030995967928813088,2.09,6988.96,262,26.675419847328243,51456.48,7.362537487694879,0.07834928229665072,44467.520000000004,0.8641772620280284
2024-05-23,Google Ads,Video,E-commerce,Germany,162242,5110,0.031496160057198505,2.67,13643.7,118,115.62457627118644,30643.55,2.2459853265609766,0.02309197651663405,16999.85,0.5547611161239477
2024-05-06,Meta Ads,Video,EdTech,USA,34404,1204,0.03499593070573189,1.42,1709.68,94,18.188085106382978,17655.16,10.326587431566141,0.07807308970099668,15945.48,0.9031625881611948
2024-11-02,Meta Ads,Display,EdTech,Australia,133773,3491,0.02609644696612919,1.83,6388.53,181,35.29574585635359,21663.32,3.390971005849546,0.05184760813520481,15274.79,0.7050992184023502
2024-08-03,Google Ads,Video,SaaS,Canada,185948,5373,0.028895174995159936,0.73,3922.29,82,47.83280487804878,15594.76,3.975932427230011,0.015261492648427322,11672.470000000001,0.7484866711639039
2024-07-13,Google Ads,Shopping,Healthcare,Australia,98375,1898,0.019293519695044472,3.35,6358.3,45,141.29555555555555,2253.91,0.3544831165563122,0.02370916754478398,-4104.39,-1.821008824664694
2024-07-22,Google Ads,Video,Healthcare,USA,190826,12174,0.06379633802521668,1.75,21304.5,933,22.834405144694532,139478.01,6.54688023656974,0.07663873829472646,118173.51000000001,0.8472554921023034
2024-07-07,Meta Ads,Display,Healthcare,UAE,105050,3077,0.029290813898143742,0.5,1538.5,206,7.468446601941747,55580.46,36.126395840103996,0.0669483262918427,54041.96,0.9723194086554879
2024-07-19,Google Ads,Shopping,E-commerce,India,52547,2806,0.053399813500294976,2.15,6032.9,47,128.3595744680851,13262.4,2.19834573753916,0.01674982181040627,7229.5,0.5451124984919773
2024-05-15,Google Ads,Search,Healthcare,India,139648,4398,0.03149346929422548,3.0,13194.0,347,38.023054755043226,82597.15,6.2602053963922994,0.07889949977262392,69403.15,0.8402608322442118
2024-06-21,TikTok Ads,Search,Fintech,Germany,186434,8743,0.0468959524550243,1.65,14425.95,87,165.81551724137933,21530.58,1.4924895760764456,0.009950817797094818,7104.630000000001,0.3299785700152992
2024-07-29,Google Ads,Search,Fintech,Germany,63001,3181,0.05049126204345963,1.48,4707.88,94,50.083829787234045,3324.55,0.7061671070630517,0.02955045583149953,-1383.33,-0.4160954114090628
2024-04-12,Meta Ads,Shopping,E-commerce,UK,132343,3507,0.02649932372698216,1.14,3997.98,238,16.798235294117646,17184.94,4.298405694875912,0.06786427145708583,13186.96,0.7673556032200287
2024-06-19,Google Ads,Shopping,Healthcare,UK,172570,3692,0.021394216839543373,2.16,7974.72,53,150.46641509433962,15699.11,1.9686095561975845,0.014355362946912243,7724.39,0.4920272550482161
2024-04-09,Google Ads,Video,Fintech,UAE,196510,10316,0.052496056180347056,2.0,20632.0,282,73.16312056737588,66245.27,3.2108021519968983,0.02733617681271811,45613.270000000004,0.6885513486472318
2024-05-13,Google Ads,Display,EdTech,Canada,140875,6818,0.04839751552795031,2.25,15340.5,142,108.03169014084507,28774.25,1.8757048336103777,0.020827222059254913,13433.75,0.4668670773347698
2024-08-02,TikTok Ads,Shopping,SaaS,USA,50955,3892,0.07638112059660485,1.27,4942.84,224,22.06625,60995.17,12.340106092853501,0.05755395683453238,56052.33,0.9189634195625654
2024-10-19,Google Ads,Search,Fintech,USA,103991,3067,0.02949293688876922,2.59,7943.53,142,55.94035211267605,36045.3,4.537692940040511,0.04629931529181611,28101.770000000004,0.779623695738418
2024-10-25,Google Ads,Video,EdTech,Germany,22637,876,0.038697707293369264,1.22,1068.72,16,66.795,2623.14,2.4544688973725575,0.0182648401826484,1554.4199999999998,0.5925798851757816
2024-12-20,Meta Ads,Display,Fintech,Canada,86099,2910,0.03379830195472654,2.19,6372.9,194,32.85,39485.52,6.195848044061573,0.06666666666666667,33112.619999999995,0.8386015936981455
2024-11-08,Meta Ads,Display,Fintech,UAE,181950,2401,0.013195932948612257,0.67,1608.67,168,9.575416666666667,30028.61,18.66673090192519,0.06997084548104957,28419.940000000002,0.9464287557765745
2024-06-11,Meta Ads,Video,E-commerce,Australia,102229,2146,0.020992086394271685,0.61,1309.06,52,25.174230769230768,14121.79,10.787733182589035,0.024231127679403542,12812.730000000001,0.907302119632143
2024-09-22,TikTok Ads,Video,SaaS,Germany,53167,2536,0.0476987605093385,0.44,1115.84,145,7.695448275862068,11216.46,10.052032549469457,0.05717665615141956,10100.619999999999,0.9005176321227909
2024-05-06,Meta Ads,Shopping,SaaS,Canada,10177,413,0.04058170384199666,1.85,764.05,16,47.753125,4058.36,5.311641908252078,0.0387409200968523,3294.3100000000004,0.8117342966124248
2024-12-08,Meta Ads,Shopping,E-commerce,Canada,67714,738,0.010898780163629383,1.11,819.18,17,48.18705882352941,1445.84,1.7649844966918138,0.023035230352303523,626.66,0.4334227853704421
2024-10-23,Google Ads,Shopping,Fintech,UK,51032,3036,0.05949208339865183,2.23,6770.28,195,34.71938461538461,18761.36,2.771135019526519,0.06422924901185771,11991.080000000002,0.6391370348418239
2024-08-11,TikTok Ads,Display,SaaS,USA,68474,4923,0.07189590209422554,0.47,2313.81,198,11.68590909090909,32574.4,14.078251887579361,0.04021937842778794,30260.59,0.928968453755096
2024-08-12,TikTok Ads,Video,SaaS,Australia,12838,784,0.061068702290076333,0.42,329.28,56,5.88,2887.05,8.767766034985424,0.07142857142857142,2557.7700000000004,0.8859458616927315
2024-06-05,Google Ads,Display,Healthcare,UK,151595,9262,0.06109700188000924,1.76,16301.12,572,28.49846153846154,85249.68,5.229682377652578,0.06175771971496437,68948.56,0.808783798367337
2024-04-11,TikTok Ads,Video,E-commerce,Germany,38799,1303,0.03358333977679837,0.33,429.99,51,8.431176470588236,4095.81,9.525361054908254,0.039140445126630855,3665.8199999999997,0.8950171028441261
2024-06-23,Google Ads,Video,SaaS,Australia,121565,2601,0.021395961008513965,2.04,5306.04,176,30.147954545454546,34156.84,6.4373506419099735,0.06766628219915417,28850.799999999996,0.844656590012425
2024-09-11,Meta Ads,Display,E-commerce,Canada,38762,1007,0.02597905164852175,0.68,684.76,16,42.7975,3871.2,5.653367603247853,0.015888778550148957,3186.4399999999996,0.8231142798098781
2024-02-18,Meta Ads,Search,E-commerce,India,32410,693,0.021382289416846653,1.79,1240.47,21,59.07,678.51,0.5469781615033011,0.030303030303030304,-561.96,-0.8282265552460539
2024-03-29,TikTok Ads,Video,EdTech,Australia,134132,4694,0.03499537768765097,0.82,3849.08,306,12.578692810457516,52932.5,13.751987487919191,0.0651896037494674,49083.42,0.9272832380862419
2024-01-28,Google Ads,Display,E-commerce,Australia,38005,1489,0.03917905538744902,1.51,2248.39,79,28.460632911392402,23043.93,10.249080453124236,0.05305574210879785,20795.54,0.9024302712254377
2024-01-15,Google Ads,Search,E-commerce,India,91348,2914,0.031899986863423394,1.73,5041.22,98,51.44102040816327,14981.67,2.9718341988645602,0.033630748112560054,9940.45,0.6635074727984264
2024-08-22,Google Ads,Display,E-commerce,UK,87607,3661,0.04178889814740831,3.15,11532.15,106,108.7938679245283,31383.75,2.7214136132464457,0.02895383774924884,19851.6,0.6325439120563986
2024-02-01,TikTok Ads,Shopping,Fintech,India,95288,7108,0.07459491226597263,0.51,3625.08,454,7.9847577092511015,132401.61,36.52377602701181,0.0638716938660664,128776.52999999998,0.9726205746289641
2024-09-28,TikTok Ads,Video,Healthcare,UK,68620,3602,0.052491984844068786,0.48,1728.96,134,12.90268656716418,22980.94,13.291770775495094,0.03720155469183787,21251.98,0.9247654795669803
2024-07-06,TikTok Ads,Video,Healthcare,Australia,95975,3848,0.04009377442042199,1.78,6849.44,66,103.77939393939393,6246.82,0.9120190847718938,0.017151767151767153,-602.6199999999999,-0.09646828306242215
2024-12-12,Google Ads,Shopping,SaaS,Canada,162064,5607,0.03459744298548721,2.42,13568.94,77,176.22,8174.03,0.6024074098639982,0.01373283395755306,-5394.910000000001,-0.6600061414014875
2024-05-18,Meta Ads,Search,Fintech,USA,57712,848,0.014693651233712227,0.9,763.2,64,11.925,2136.83,2.7998296645702303,0.07547169811320754,1373.6299999999999,0.6428354150774745
2024-06-29,Meta Ads,Shopping,Fintech,Germany,147412,3670,0.02489620926383198,1.17,4293.9,162,26.505555555555553,38717.46,9.0168518130371,0.044141689373297,34423.56,0.8890965471391976
2024-02-06,Google Ads,Display,E-commerce,UAE,79525,2298,0.028896573404589752,1.58,3630.84,119,30.511260504201683,21777.03,5.9977938989324775,0.05178416013925152,18146.19,0.833272030207976
2024-04-18,Meta Ads,Shopping,E-commerce,UK,78480,1389,0.017698776758409786,1.69,2347.41,19,123.5478947368421,2972.32,1.2662125491499143,0.013678905687544997,624.9100000000003,0.21024317704688603
2024-03-11,TikTok Ads,Display,SaaS,UK,165232,7617,0.0460988186307737,0.77,5865.09,601,9.758885191347755,102707.85,17.511726162769882,0.0789024550347906,96842.76000000001,0.9428954067288917
2024-05-18,Google Ads,Display,SaaS,UAE,13294,583,0.04385437039265834,1.38,804.54,46,17.49,11553.7,14.3606284336391,0.07890222984562607,10749.16,0.9303651644062074
2024-11-16,Meta Ads,Video,EdTech,UK,55333,852,0.015397683118573003,1.05,894.6,66,13.554545454545455,12295.52,13.744153811759446,0.07746478873239436,11400.92,0.927241792132419
2024-09-24,Meta Ads,Display,Fintech,UK,177027,6160,0.03479695187739723,1.23,7576.8,220,34.44,59390.91,7.838521539436174,0.03571428571428571,51814.11,0.8724249215915364
2024-11-10,Meta Ads,Search,E-commerce,USA,21679,448,0.020665159832095575,0.89,398.72,31,12.861935483870969,3556.66,8.920194622792936,0.06919642857142858,3157.9399999999996,0.8878948226707079
2024-07-09,Google Ads,Search,Healthcare,UK,18601,706,0.03795494865867426,2.0,1412.0,54,26.14814814814815,3302.39,2.3388031161473086,0.0764872521246459,1890.3899999999999,0.5724308758202392
2024-11-29,Google Ads,Shopping,Healthcare,UAE,146583,2990,0.020397999768049502,1.61,4813.9,114,42.22719298245614,8660.28,1.7990153513783007,0.03812709030100334,3846.380000000001,0.44414037421422875
2024-11-17,Google Ads,Shopping,Fintech,Australia,46745,2140,0.045780297358006206,3.44,7361.6,38,193.7263157894737,5289.97,0.7185897087589654,0.017757009345794394,-2071.63,-0.3916146972478105
2024-12-09,Google Ads,Display,E-commerce,Canada,39505,2251,0.056980129097582585,3.06,6888.06,149,46.22859060402685,30920.99,4.48907094305218,0.06619280319857841,24032.93,0.7772367572965807
2024-03-11,Google Ads,Shopping,Healthcare,Germany,179342,4071,0.022699646485485832,2.26,9200.46,195,47.18184615384615,30682.52,3.334889777250268,0.047899778924097275,21482.06,0.700140014575074
2024-10-27,Google Ads,Video,Fintech,UAE,75410,3039,0.04029969500066304,0.95,2887.05,239,12.079707112970713,29467.42,10.206757763114597,0.07864429088515959,26580.37,0.9020256948182094
2024-06-28,Google Ads,Search,Healthcare,UAE,83488,4049,0.04849798773476428,1.15,4656.35,45,103.47444444444446,2103.0,0.45164130703233213,0.01111385527290689,-2553.3500000000004,-1.21414645744175
2024-12-26,TikTok Ads,Display,SaaS,USA,149143,5175,0.034698242626204384,0.53,2742.75,140,19.59107142857143,11705.28,4.267716707683894,0.02705314009661836,8962.53,0.7656826662839334
2024-11-21,Meta Ads,Shopping,Fintech,Australia,52743,1207,0.022884553400451244,1.93,2329.51,90,25.883444444444446,11281.65,4.842928341153289,0.07456503728251865,8952.14,0.7935133601911067
2024-04-19,Meta Ads,Shopping,Healthcare,UK,92091,3342,0.0362901912238981,1.48,4946.16,145,34.11144827586207,37976.42,7.67796027625471,0.04338719329742669,33030.259999999995,0.8697570755747908
2024-04-14,TikTok Ads,Video,Healthcare,USA,118687,10586,0.0891925821699091,0.75,7939.5,635,12.503149606299212,88046.75,11.089709679450847,0.05998488569809182,80107.25,0.9098263138616701
2024-10-25,Google Ads,Video,EdTech,UAE,195664,6378,0.03259669637746341,2.6,16582.8,312,53.15,33814.66,2.0391405552741397,0.04891815616180621,17231.860000000004,0.5095973166667949
2024-09-26,TikTok Ads,Search,EdTech,India,89946,5162,0.05738998954928513,0.63,3252.06,349,9.318223495702005,87393.19,26.873178846638748,0.06760945370011623,84141.13,0.9627881760581116
2024-12-05,TikTok Ads,Search,EdTech,India,170529,11766,0.06899706208328202,1.48,17413.68,695,25.055654676258992,102403.13,5.880613977057118,0.05906850246472888,84989.45000000001,0.8299497290756641
2024-01-03,Meta Ads,Display,Fintech,Canada,129750,2452,0.018897880539499038,1.09,2672.68,93,28.738494623655914,23770.39,8.893840639358247,0.03792822185970636,21097.71,0.8875626356992881
2024-01-22,Meta Ads,Display,Healthcare,USA,197882,5144,0.025995290122396174,0.81,4166.64,299,13.935250836120403,68061.76,16.334926943532437,0.05812597200622084,63895.119999999995,0.9387814831705792
2024-06-06,Google Ads,Display,E-commerce,Australia,58266,2651,0.0454982322452202,1.22,3234.22,103,31.400194174757278,3487.43,1.0782909016702635,0.038853262919652964,253.21000000000004,0.07260647525541733
2024-09-01,Meta Ads,Search,E-commerce,USA,98699,2171,0.021996170173963263,2.22,4819.62,92,52.387173913043476,5066.63,1.0512509284964375,0.04237678489175495,247.01000000000022,0.04875232649709969
2024-01-18,TikTok Ads,Video,EdTech,UK,172820,5512,0.03189445666010878,1.5,8268.0,229,36.10480349344978,38190.22,4.619039671020803,0.041545718432510884,29922.22,0.7835047821143738
2024-11-30,Google Ads,Shopping,EdTech,UK,61902,2599,0.04198571936286388,2.92,7589.08,160,47.43175,43994.91,5.797133512889573,0.06156213928434013,36405.83,0.8275009540876433
2024-07-20,TikTok Ads,Shopping,EdTech,UAE,148573,8706,0.05859745714228023,1.77,15409.62,643,23.96519440124417,163989.09,10.641994416474903,0.07385711003905353,148579.47,0.9060326513184506
2024-11-06,Meta Ads,Shopping,EdTech,Germany,149654,6689,0.04469643310569714,1.29,8628.81,262,32.934389312977096,10578.46,1.2259465673713987,0.03916878457168486,1949.6499999999996,0.18430376444208324
2024-01-24,Meta Ads,Search,Healthcare,India,191478,6414,0.03349732084103657,1.57,10069.98,236,42.66940677966102,56534.15,5.6141273368963995,0.03679451200498909,46464.17,0.8218779268813629
2024-05-01,Meta Ads,Search,E-commerce,Canada,7196,287,0.03988326848249027,2.21,634.27,10,63.427,693.26,1.0930045564191906,0.03484320557491289,58.99000000000001,0.08509073075036784
2024-11-14,Google Ads,Display,Healthcare,India,30757,1202,0.039080534512468706,3.26,3918.52,60,65.30866666666667,5647.0,1.4411053152720925,0.04991680532445923,1728.48,0.30608818841862934
2024-04-11,Google Ads,Display,Healthcare,Canada,17578,330,0.01877346683354193,3.07,1013.1,20,50.655,3553.78,3.507827460270457,0.06060606060606061,2540.6800000000003,0.7149232648053622
2024-02-02,Google Ads,Display,E-commerce,USA,65530,2018,0.030795055699679535,2.81,5670.58,117,48.46649572649572,12114.63,2.1364005092953455,0.05797819623389495,6444.049999999999,0.5319229724721266
2024-09-18,TikTok Ads,Search,SaaS,UK,89403,5578,0.06239164233862398,1.48,8255.44,414,19.940676328502416,80503.15,9.751527477638986,0.0742201505916099,72247.70999999999,0.8974519630598305
2024-06-09,TikTok Ads,Shopping,E-commerce,Australia,161904,4339,0.02679983199920941,1.05,4555.95,178,25.59522471910112,22405.85,4.917931496175331,0.04102327725282323,17849.899999999998,0.7966624787722849
2024-09-08,Meta Ads,Video,EdTech,Canada,27036,708,0.026187305814469597,1.67,1182.36,12,98.52999999999999,1538.26,1.3010081531851552,0.01694915254237288,355.9000000000001,0.23136530885546014
2024-06-08,Meta Ads,Shopping,SaaS,UK,12712,212,0.01667715544367527,1.7,360.4,9,40.044444444444444,375.03,1.0405937846836848,0.04245283018867924,14.629999999999995,0.039010212516332014
2024-02-10,Google Ads,Shopping,E-commerce,UAE,24198,1214,0.05016943549053641,1.35,1638.9,60,27.315,11611.94,7.08520349014583,0.04942339373970346,9973.04,0.8588607932869099
2024-07-31,Google Ads,Display,SaaS,India,80324,2337,0.029094666600268913,2.99,6987.63,50,139.7526,12463.37,1.7836333635295516,0.02139495079161318,5475.740000000001,0.43934666145673285
2024-04-22,Google Ads,Search,SaaS,Germany,160525,6003,0.03739604422987074,1.67,10025.01,106,94.57556603773585,12306.27,1.2275568802425134,0.01765783774779277,2281.26,0.1853737972594458
2024-02-27,Google Ads,Display,Fintech,Germany,104821,4224,0.040297268677078064,1.36,5744.64,307,18.712182410423456,89314.07,15.547374596145277,0.07267992424242424,83569.43000000001,0.9356804588571543
2024-10-03,Google Ads,Video,Healthcare,India,48118,1616,0.03358410574005569,3.66,5914.56,129,45.8493023255814,28604.24,4.836241411026348,0.07982673267326733,22689.68,0.7932278571288731
2024-02-06,TikTok Ads,Display,SaaS,Australia,53709,2868,0.05339887169748087,0.89,2552.52,222,11.497837837837837,47503.54,18.610447714415557,0.07740585774058577,44951.020000000004,0.9462667413839053
2024-02-14,Google Ads,Display,Healthcare,UK,25497,1142,0.04478958308820646,1.84,2101.28,75,28.01706666666667,18551.01,8.828433145511307,0.06567425569176882,16449.73,0.8867296174170571
2024-08-26,TikTok Ads,Display,Fintech,UAE,178782,7705,0.04309717980557327,1.28,9862.4,352,28.018181818181816,30909.61,3.1340860236859185,0.04568462037637897,21047.21,0.6809277114787278
2024-05-03,Meta Ads,Video,Healthcare,India,189221,7587,0.04009597243434925,0.91,6904.17,80,86.302125,2769.22,0.40109383169881385,0.010544352181362857,-4134.950000000001,-1.4931821957085392
2024-12-26,Meta Ads,Search,Fintech,Germany,138704,1803,0.012998904141192756,0.86,1550.58,119,13.030084033613445,10297.42,6.641011750441771,0.06600110926234054,8746.84,0.8494205344639726
2024-10-08,Google Ads,Video,EdTech,UK,120475,7794,0.06469391990039428,0.78,6079.32,530,11.470415094339621,143639.1,23.62749452241369,0.06800102643058763,137559.78,0.957676426544026
2024-08-19,Google Ads,Shopping,Healthcare,Germany,125019,8251,0.06599796830881706,3.77,31106.27,609,51.077619047619045,135443.82,4.354228906262307,0.07380923524421282,104337.55,0.7703382110752635
2024-12-11,Meta Ads,Search,EdTech,USA,198775,3637,0.018297069550999873,1.99,7237.63,235,30.798425531914894,18520.23,2.558880462250764,0.06461369260379433,11282.599999999999,0.6092040973573222
2024-01-05,TikTok Ads,Video,EdTech,Australia,52059,2956,0.056781728423519466,0.57,1684.92,29,58.10068965517242,5633.14,3.3432685231346295,0.009810554803788904,3948.2200000000003,0.7008915098861381
2024-05-31,Google Ads,Display,SaaS,USA,183373,7169,0.03909517758884896,1.55,11111.95,342,32.49108187134503,18314.28,1.6481607638623281,0.047705398242432695,7202.329999999998,0.39326307122092696
2024-09-13,Meta Ads,Search,E-commerce,USA,114844,3307,0.02879558357423984,2.1,6944.7,123,56.4609756097561,36552.89,5.26342246605325,0.037193831267009377,29608.19,0.8100095505444302
2024-08-27,Meta Ads,Search,E-commerce,USA,53865,1098,0.020384294068504595,1.28,1405.44,67,20.97671641791045,2545.35,1.8110698428961747,0.0610200364298725,1139.9099999999999,0.44784017915021507
2024-01-07,Google Ads,Video,E-commerce,Germany,25080,1113,0.04437799043062201,2.62,2916.06,49,59.51142857142857,2232.61,0.7656255358257376,0.0440251572327044,-683.4499999999998,-0.3061215348851791
2024-07-12,TikTok Ads,Search,E-commerce,India,95853,4658,0.0485952448019363,0.31,1443.98,92,15.695434782608697,27317.08,18.917907450241692,0.0197509660798626,25873.100000000002,0.9471400310721351
2024-05-26,Google Ads,Video,SaaS,Canada,27593,896,0.03247200376907187,2.39,2141.44,48,44.61333333333334,8087.57,3.77669698894202,0.05357142857142857,5946.129999999999,0.7352183659615928
2024-09-11,Meta Ads,Video,EdTech,USA,34949,1324,0.037883773498526424,1.79,2369.96,86,27.557674418604652,9084.22,3.8330689125554858,0.0649546827794562,6714.259999999999,0.7391124389325665
2024-05-17,TikTok Ads,Shopping,E-commerce,USA,72986,3379,0.04629655002329214,1.77,5980.83,188,31.812925531914892,17387.72,2.907241971432059,0.05563776265167209,11406.890000000001,0.6560313830680503
2024-02-02,Google Ads,Shopping,Healthcare,UAE,149848,9290,0.061996156104852915,1.97,18301.3,537,34.080633147113595,106414.01,5.8145601678569285,0.05780409041980624,88112.70999999999,0.8280179461332206
2024-09-03,Google Ads,Video,SaaS,Australia,143235,3981,0.027793486228924493,1.83,7285.23,125,58.281839999999995,27104.75,3.7205071082175856,0.031399145943230344,19819.52,0.7312194357077634
2024-02-11,TikTok Ads,Video,EdTech,India,157625,9457,0.059996827914353686,0.48,4539.36,534,8.50067415730337,147520.8,32.49814951887491,0.05646610975996616,142981.44,0.9692290171962192
2024-11-28,Meta Ads,Search,Fintech,India,172816,3819,0.022098648273308028,2.14,8172.66,193,42.34538860103627,41926.28,5.130065364275524,0.05053678973553286,33753.619999999995,0.8050707098268675
2024-12-14,TikTok Ads,Video,E-commerce,UK,56529,4494,0.07949901820304622,1.51,6785.94,104,65.24942307692308,9525.68,1.4037377283029324,0.023141967067200713,2739.7400000000007,0.2876162121759287
2024-04-13,TikTok Ads,Shopping,EdTech,USA,176030,13079,0.0742998352553542,1.51,19749.29,200,98.74645000000001,41247.07,2.0885343219933477,0.01529168896704641,21497.78,0.5211953236920829
2024-11-03,Meta Ads,Search,SaaS,Canada,128355,1758,0.01369638892135094,1.86,3269.88,122,26.802295081967213,6205.33,1.8977240755012414,0.06939704209328783,2935.45,0.4730530044332856
2024-09-25,Google Ads,Video,Fintech,USA,14096,476,0.03376844494892168,1.29,614.04,34,18.06,3175.83,5.17202462380301,0.07142857142857142,2561.79,0.806652119288501
2024-04-02,Google Ads,Video,SaaS,USA,31855,1411,0.04429445926856067,1.7,2398.7,60,39.97833333333333,3201.45,1.3346604410722476,0.042523033309709427,802.75,0.25074575582938985
2024-02-19,Google Ads,Search,EdTech,UAE,95218,2199,0.023094372912684576,2.39,5255.61,103,51.02533980582524,17399.72,3.310694667222264,0.046839472487494316,12144.11,0.6979485876784224
2024-02-06,Google Ads,Shopping,E-commerce,Germany,102409,3389,0.03309279457860149,3.58,12132.62,149,81.42697986577181,31253.87,2.576019853914488,0.04396577161404544,19121.25,0.6118042341636412
2024-09-12,Google Ads,Search,E-commerce,India,31049,1021,0.032883506715192114,3.31,3379.51,31,109.01645161290324,7117.65,2.1061189344017324,0.030362389813907934,3738.1399999999994,0.5251930061185924
2024-09-19,TikTok Ads,Search,Healthcare,Germany,129077,4065,0.031492829861245616,1.22,4959.3,295,16.811186440677968,44193.52,8.91124150585768,0.07257072570725707,39234.219999999994,0.88778219069221
2024-09-20,Meta Ads,Shopping,E-commerce,Germany,166874,6641,0.039796493162505844,0.68,4515.88,200,22.5794,17225.95,3.814527843963967,0.03011594639361542,12710.07,0.7378443569150032
2024-02-13,Google Ads,Search,SaaS,Australia,153865,5785,0.0375978942579534,1.7,9834.5,139,70.75179856115108,16979.34,1.7265077024759774,0.024027657735522904,7144.84,0.4207960969036488
2024-11-07,TikTok Ads,Display,Healthcare,UK,187199,12036,0.06429521525221822,1.33,16007.88,946,16.921649048625792,165825.37,10.358983825465959,0.07859754071119973,149817.49,0.9034654347522336
2024-06-27,Meta Ads,Video,SaaS,UK,117696,4531,0.038497485046220775,1.09,4938.79,325,15.196276923076923,19270.73,3.901913221659556,0.07172809534319134,14331.939999999999,0.7437154690040283
2024-10-19,Meta Ads,Search,Healthcare,Canada,147324,1325,0.008993782411555483,1.72,2279.0,96,23.739583333333332,10356.84,4.54446687143484,0.07245283018867925,8077.84,0.779952186188065
2024-08-04,Google Ads,Video,Fintech,Australia,39001,1450,0.03717853388374657,2.62,3799.0,18,211.05555555555554,5256.07,1.3835404053698341,0.012413793103448275,1457.0699999999997,0.27721662763243254
2024-01-03,TikTok Ads,Search,Healthcare,USA,69277,5057,0.0729968099080503,1.06,5360.42,268,20.001567164179104,57608.77,10.747062730159204,0.05299584734032035,52248.35,0.9069513200854662
2024-04-10,Google Ads,Search,E-commerce,USA,166687,11384,0.06829566792851272,0.73,8310.32,899,9.243959955506117,139644.2,16.803709123114395,0.0789704848910752,131333.88,0.9404893293097744
2024-12-02,Meta Ads,Video,E-commerce,Canada,173898,5321,0.030598396761319854,0.53,2820.13,239,11.799707112970712,52181.09,18.503079645264577,0.04491636910355196,49360.96,0.9459549426813431
2024-05-31,Google Ads,Display,SaaS,Canada,117000,7979,0.0681965811965812,1.47,11729.13,366,32.04680327868852,14373.81,1.2254796391548222,0.045870409825792706,2644.6800000000003,0.1839929705485185
2024-10-25,Meta Ads,Shopping,SaaS,UK,55697,957,0.01718225398136345,0.91,870.87,12,72.5725,1673.31,1.9214234041820248,0.012539184952978056,802.4399999999999,0.4795525037201714
2024-07-03,Google Ads,Display,Fintech,UK,46585,1504,0.032285070301599224,2.2,3308.8,85,38.927058823529414,13372.82,4.041592117988395,0.05651595744680851,10064.02,0.7525727557837465
2024-08-14,TikTok Ads,Search,E-commerce,Germany,97345,5178,0.05319225435307412,0.61,3158.58,289,10.929342560553634,44113.49,13.96624115900183,0.05581305523368096,40954.909999999996,0.9283987732550746
2024-06-18,TikTok Ads,Video,E-commerce,India,143519,10519,0.07329343153171357,0.86,9046.34,673,13.44181277860327,28878.71,3.1923087126948575,0.06397946572868143,19832.37,0.6867470880797654
2024-05-01,Meta Ads,Display,E-commerce,Canada,68843,633,0.00919483462370902,0.89,563.37,25,22.5348,2441.19,4.333191330741786,0.03949447077409163,1877.8200000000002,0.769223206714758
2024-03-27,Google Ads,Display,Fintech,USA,129679,5848,0.045095967735716655,1.48,8655.04,158,54.77873417721519,32419.87,3.745779337819351,0.027017783857729138,23764.829999999998,0.7330328591693921
2024-01-31,Meta Ads,Search,Fintech,UK,153157,5498,0.03589780421397651,1.8,9896.4,401,24.67930174563591,90694.52,9.16439513358393,0.0729356129501637,80798.12000000001,0.8908820510875409
2024-08-21,Meta Ads,Display,E-commerce,Canada,138074,3313,0.023994379825311066,1.91,6327.83,209,30.2766985645933,16533.53,2.612827778243094,0.06308481738605494,10205.699999999999,0.6172728993747857
2024-11-16,Google Ads,Shopping,SaaS,Germany,119132,3466,0.029093778329919752,2.19,7590.54,261,29.082528735632184,30598.06,4.031078157812225,0.07530294287362954,23007.52,0.7519274097769597
2024-05-05,Google Ads,Video,E-commerce,Canada,43634,1937,0.04439198789934455,2.38,4610.06,58,79.48379310344828,15065.19,3.267894561025236,0.029943211151264842,10455.130000000001,0.6939925749359949
2024-06-27,Meta Ads,Shopping,Fintech,USA,198899,2923,0.014695900934645222,1.97,5758.31,95,60.613789473684214,3750.0,0.6512327401616099,0.03250085528566541,-2008.3100000000004,-0.5355493333333334
2024-05-15,Meta Ads,Video,SaaS,Germany,143383,3412,0.023796405431606257,1.02,3480.24,117,29.745641025641024,19100.2,5.488184722892675,0.03429073856975381,15619.960000000001,0.817790389629428
2024-02-06,Meta Ads,Video,E-commerce,UAE,92469,2487,0.02689550011355157,0.6,1492.2,48,31.087500000000002,14164.35,9.492259750703658,0.019300361881785282,12672.15,0.8946510076353662
2024-11-09,Google Ads,Shopping,SaaS,Germany,30852,684,0.022170361726954493,1.59,1087.56,11,98.8690909090909,2813.84,2.5872963330758765,0.01608187134502924,1726.2800000000002,0.6134961476132261
2024-11-16,Meta Ads,Search,Healthcare,Germany,87565,3213,0.036692742534117515,2.2,7068.6,106,66.68490566037737,13715.98,1.9404096992332285,0.03299097416744476,6647.379999999999,0.4846449178257769
2024-12-11,Google Ads,Shopping,EdTech,UK,154058,3728,0.024198678419815912,2.46,9170.88,125,73.36703999999999,7520.81,0.8200750636798214,0.03353004291845493,-1650.0699999999988,-0.2194005698854244
2024-06-14,Google Ads,Display,SaaS,India,160579,7804,0.04859913189146775,1.36,10613.44,193,54.9919170984456,9996.49,0.9418708731570536,0.024730907227063045,-616.9500000000007,-0.06171666254855462
2024-10-24,TikTok Ads,Search,SaaS,UAE,34076,1363,0.03999882615330438,1.14,1553.82,16,97.11375,2219.67,1.4285245395219524,0.01173881144534116,665.8500000000001,0.299977023611618
2024-05-29,TikTok Ads,Shopping,Healthcare,Germany,37261,1591,0.042698800354257806,1.08,1718.28,40,42.957,8930.04,5.197080801731965,0.0251414204902577,7211.760000000001,0.8075842885362217
2024-02-16,Meta Ads,Shopping,Fintech,USA,178553,7213,0.04039696896719742,2.28,16445.64,556,29.578489208633094,50559.85,3.0743619585495,0.07708304450298073,34114.21,0.6747292565148038
2024-03-06,Meta Ads,Search,Healthcare,Australia,132390,2780,0.020998564846287485,1.01,2807.8,133,21.111278195488723,39444.5,14.04818719282,0.04784172661870503,36636.7,0.9288164382867066
2024-08-17,TikTok Ads,Search,Healthcare,Australia,166446,7822,0.04699422034774041,1.15,8995.3,218,41.262844036697246,21100.54,2.3457294364834973,0.02787010994630529,12105.240000000002,0.5736933746719278
2024-10-30,TikTok Ads,Shopping,EdTech,Germany,158807,5859,0.036893839692205006,0.57,3339.63,73,45.748356164383566,7304.51,2.187221338890835,0.012459464072367298,3964.88,0.5427989009529729
2024-10-18,Meta Ads,Video,EdTech,Australia,66265,1881,0.028386025805478006,2.04,3837.24,76,50.489999999999995,2782.02,0.7250054726834912,0.04040404040404041,-1055.2199999999998,-0.3792999331421053
2024-02-11,Google Ads,Search,SaaS,UK,137156,5253,0.03829945463559742,2.15,11293.95,280,40.33553571428572,75085.66,6.648308164990991,0.0533028745478774,63791.71000000001,0.8495857930795309
2024-12-28,Google Ads,Shopping,Fintech,India,123292,2527,0.02049605813840314,3.55,8970.85,179,50.116480446927376,36566.56,4.076153318804795,0.07083498219232291,27595.71,0.754670660844225
2024-08-07,TikTok Ads,Display,Fintech,UK,68642,3363,0.04899332770024183,0.37,1244.31,37,33.629999999999995,8887.57,7.142568973969509,0.011002081474873625,7643.26,0.8599943516619278
2024-02-20,Google Ads,Shopping,SaaS,Canada,147727,7534,0.0509994787682685,2.33,17554.22,206,85.21466019417477,23788.98,1.355171576976932,0.027342713034244757,6234.759999999998,0.2620860583345733
2024-03-10,TikTok Ads,Search,E-commerce,Australia,179818,11724,0.06519925702654907,1.03,12075.72,880,13.72240909090909,242039.99,20.043524526901916,0.07505970658478335,229964.27,0.9501085750334066
2024-10-25,Google Ads,Display,Fintech,Australia,158481,6053,0.03819385289088282,1.63,9866.39,116,85.05508620689655,30091.81,3.0499311298256,0.019164050883859245,20225.420000000002,0.672123743968874
2024-06-10,TikTok Ads,Search,Fintech,India,12784,1055,0.08252503128911139,0.38,400.9,67,5.983582089552239,12031.35,30.010850586181096,0.06350710900473934,11630.45,0.9666787185145475
2024-12-11,Meta Ads,Video,EdTech,Australia,117169,3304,0.028198584949944098,1.27,4196.08,83,50.55518072289156,20949.79,4.992705096185011,0.025121065375302662,16753.71,0.7997077775003949
2024-01-17,Meta Ads,Video,EdTech,Germany,190928,5078,0.026596413307634292,1.45,7363.1,186,39.586559139784946,47430.11,6.4415952519998365,0.03662859393461993,40067.01,0.8447589516448518
2024-12-12,Google Ads,Search,E-commerce,India,38512,1840,0.04777731616119651,1.34,2465.6,53,46.52075471698113,3324.76,1.3484587929915641,0.028804347826086957,859.1600000000003,0.2584126373031438
2024-02-11,Meta Ads,Video,SaaS,UAE,92986,2082,0.022390467382186564,1.73,3601.86,108,33.35055555555556,6838.55,1.898616270482473,0.05187319884726225,3236.69,0.4733006265948191
2024-04-29,Meta Ads,Search,Healthcare,UAE,80589,1160,0.014394023998312425,0.95,1102.0,75,14.693333333333333,21781.43,19.765362976406532,0.06465517241379311,20679.43,0.9494064439295308
2024-07-19,Meta Ads,Display,EdTech,India,140475,5043,0.03589962626801922,2.04,10287.72,327,31.46091743119266,96504.49,9.380551764628121,0.06484235574063058,86216.77,0.8933964626930829
2024-09-09,Google Ads,Video,E-commerce,Canada,103348,1891,0.018297402949258815,1.54,2912.14,30,97.07133333333333,1064.02,0.3653739174627594,0.015864621893178214,-1848.12,-1.7369222383037912
2024-01-17,Meta Ads,Search,EdTech,Australia,100343,3461,0.034491693491324756,1.08,3737.88,259,14.431969111969112,51755.16,13.846126681434397,0.07483386304536262,48017.280000000006,0.9277776360849818
2024-07-21,TikTok Ads,Display,SaaS,UAE,179039,14663,0.08189835734113797,1.36,19941.68,1151,17.325525629887053,281693.26,14.125853990235527,0.0784968969515106,261751.58000000002,0.9292078198818104
2024-04-20,Meta Ads,Display,SaaS,UK,13100,186,0.014198473282442748,1.5,279.0,10,27.9,1347.41,4.829426523297491,0.053763440860215055,1068.41,0.7929360773632377
2024-02-04,Google Ads,Search,EdTech,UAE,167198,5132,0.03069414705917535,2.31,11854.92,120,98.791,19874.34,1.6764634430261867,0.02338269680436477,8019.42,0.4035062296408334
2024-09-08,Meta Ads,Video,E-commerce,UK,35755,672,0.01879457418542861,2.01,1350.72,39,34.63384615384616,1411.24,1.044805733238569,0.05803571428571429,60.51999999999998,0.042884271987755435
2024-04-17,Google Ads,Display,E-commerce,Germany,177420,7646,0.043095479652801263,2.42,18503.32,478,38.709874476987444,110744.54,5.985117265442093,0.0625163484174732,92241.22,0.8329188960467035
2024-02-21,Google Ads,Search,SaaS,UAE,195067,9129,0.046799304854229576,0.95,8672.55,128,67.754296875,24006.78,2.7681339398446823,0.014021250958483953,15334.23,0.6387458043102824
2024-01-30,Google Ads,Display,EdTech,USA,44435,1453,0.03269944863283448,2.68,3894.04,48,81.12583333333333,6345.04,1.6294234265698349,0.03303509979353063,2451.0,0.38628598086064075
2024-04-04,TikTok Ads,Search,SaaS,UAE,57448,2338,0.040697674418604654,0.5,1169.0,143,8.174825174825175,25654.56,21.94573139435415,0.0611633875106929,24485.56,0.9544330520578018
2024-01-06,Google Ads,Video,E-commerce,UK,139158,3061,0.021996579427700887,1.27,3887.47,118,32.94466101694915,15835.46,4.07346166015429,0.03854949362953283,11947.99,0.7545085523249719
2024-02-29,Meta Ads,Display,Healthcare,Germany,148463,4810,0.03239864478018092,2.11,10149.1,286,35.486363636363635,68709.26,6.769985515957079,0.05945945945945946,58560.159999999996,0.8522891965362457
2024-01-27,Meta Ads,Search,E-commerce,Australia,30123,554,0.0183912624904558,1.78,986.12,15,65.74133333333333,2874.83,2.9152942846712366,0.02707581227436823,1888.71,0.656981456294807
2024-01-05,Meta Ads,Shopping,E-commerce,USA,139257,2631,0.018893125659751396,1.61,4235.91,99,42.7869696969697,9781.28,2.3091331024502413,0.037628278221208664,5545.370000000001,0.5669370470940409
2024-07-06,Google Ads,Search,Healthcare,Germany,103053,2607,0.025297662367907776,2.19,5709.33,194,29.429536082474225,39533.49,6.924365906332266,0.0744150364403529,33824.159999999996,0.8555824441505164
2024-02-29,Google Ads,Display,Fintech,Canada,44140,2101,0.04759855006796557,1.05,2206.05,55,40.11000000000001,6735.72,3.053294349629428,0.02617801047120419,4529.67,0.672484901391388
2024-07-04,Meta Ads,Display,SaaS,India,88698,1073,0.01209722879884552,0.92,987.16,43,22.95720930232558,5727.99,5.802494023258641,0.04007455731593663,4740.83,0.8276603136527823
2024-01-12,Meta Ads,Display,EdTech,Canada,182011,1911,0.010499365422968941,0.55,1051.05,35,30.029999999999998,3848.31,3.661395747110033,0.018315018315018316,2797.26,0.726880111009768
2024-01-20,TikTok Ads,Display,Fintech,India,29180,1464,0.05017135023989033,0.53,775.92,59,13.151186440677966,11729.57,15.11698370966079,0.040300546448087435,10953.65,0.9338492374400766
2024-01-13,Meta Ads,Video,E-commerce,UK,138686,2621,0.018898807377817517,1.52,3983.92,195,20.430358974358974,52398.49,13.152495532038795,0.07439908431896222,48414.57,0.9239688013910324
2024-09-22,Google Ads,Search,Fintech,India,181976,7752,0.04259902404712709,1.72,13333.44,255,52.288000000000004,75491.87,5.661844955240357,0.03289473684210526,62158.42999999999,0.8233791267854406
2024-12-10,Google Ads,Shopping,Healthcare,UK,103902,3927,0.03779523012069065,1.16,4555.32,215,21.18753488372093,37434.38,8.217727843488493,0.05474917239623122,32879.06,0.8783118619835563
2024-04-05,TikTok Ads,Display,SaaS,Canada,132081,10051,0.07609724335824229,0.71,7136.21,229,31.162489082969433,62261.45,8.724722226503983,0.0227838026067058,55125.24,0.8853831704851076
2024-05-18,Meta Ads,Video,E-commerce,UK,25077,341,0.01359811779718467,0.42,143.22,5,28.644,779.52,5.442815249266862,0.01466275659824047,636.3,0.8162715517241379
2024-04-16,Meta Ads,Video,E-commerce,UAE,113987,3579,0.03139831735197873,0.76,2720.04,229,11.877903930131005,31787.48,11.686401670563669,0.06398435317127689,29067.44,0.914430461301116
2024-03-20,Meta Ads,Shopping,Fintech,Canada,14705,363,0.02468548112886773,0.94,341.22,4,85.305,738.37,2.1639118457300275,0.011019283746556474,397.15,0.5378739656269892
2024-06-02,Google Ads,Search,EdTech,USA,16955,440,0.025951046888823357,1.82,800.8,30,26.69333333333333,3274.44,4.088961038961039,0.06818181818181818,2473.6400000000003,0.7554390979831667
2024-09-22,Meta Ads,Display,E-commerce,India,127082,2452,0.019294628664956483,2.18,5345.36,53,100.85584905660377,8408.45,1.573037176167742,0.02161500815660685,3063.090000000001,0.36428711593694446
2024-02-13,Meta Ads,Video,E-commerce,India,57299,1186,0.02069844150857781,1.35,1601.1,25,64.044,5383.27,3.362232215351946,0.021079258010118045,3782.1700000000005,0.7025785442677035
2024-06-19,Meta Ads,Shopping,Fintech,Australia,134986,4346,0.032195931429926064,1.63,7083.98,149,47.543489932885905,28100.44,3.966758799431958,0.034284399447768066,21016.46,0.7479050150104412
2024-07-22,Google Ads,Display,E-commerce,Australia,12546,725,0.05778734257930815,1.45,1051.25,43,24.447674418604652,2269.78,2.15912485136742,0.05931034482758621,1218.5300000000002,0.5368493862841333
2024-05-27,Google Ads,Search,Fintech,Canada,161554,6252,0.03869913465466655,3.05,19068.6,361,52.82160664819944,57767.01,3.0294311066360406,0.057741522712731926,38698.41,0.6699050201836654
2024-01-25,Meta Ads,Search,Healthcare,India,27499,728,0.026473689952361903,1.07,778.96,17,45.821176470588235,3860.75,4.956287871007497,0.023351648351648352,3081.79,0.798236094023182
2024-12-20,TikTok Ads,Display,EdTech,India,153936,5895,0.03829513564078578,0.89,5246.55,373,14.065817694369974,85268.07,16.252217171283988,0.06327396098388464,80021.52,0.9384699337043749
2024-04-07,TikTok Ads,Display,E-commerce,Germany,41232,1859,0.04508634070624758,1.06,1970.54,126,15.639206349206349,22069.99,11.199970566443717,0.06777837547068316,20099.45,0.9107140510711604
2024-02-16,Meta Ads,Video,Healthcare,Canada,133088,5243,0.039394986775667225,1.68,8808.24,226,38.97451327433628,48389.85,5.493702487670635,0.04310509250429144,39581.61,0.8179733973136929
2024-04-18,Meta Ads,Search,SaaS,Australia,33082,340,0.010277492291880781,1.86,632.4,9,70.26666666666667,2116.06,3.346078431372549,0.026470588235294117,1483.6599999999999,0.7011426897157925
2024-04-16,Meta Ads,Display,Fintech,Germany,179504,5026,0.027999376058472233,1.11,5578.86,203,27.48206896551724,10121.88,1.8143276583388004,0.0403899721448468,4543.0199999999995,0.448831639972021
2024-06-11,Meta Ads,Shopping,Healthcare,USA,16344,534,0.03267254038179148,0.9,480.6,11,43.690909090909095,465.35,0.9682688306283812,0.020599250936329586,-15.25,-0.032771032556140535
2024-03-05,TikTok Ads,Display,E-commerce,Canada,196312,12642,0.06439748971025715,1.28,16181.76,584,27.70849315068493,148695.91,9.189106129370353,0.046195222274956496,132514.15,0.89117548693841
2024-10-31,TikTok Ads,Shopping,E-commerce,USA,17626,1113,0.06314535345512311,0.54,601.02,50,12.0204,2568.51,4.273584905660377,0.044923629829290206,1967.4900000000002,0.7660044150110376
2024-05-22,Meta Ads,Shopping,SaaS,Germany,46603,955,0.0204922429886488,0.69,658.95,23,28.650000000000002,2614.49,3.9676606722816596,0.024083769633507852,1955.5399999999997,0.7479623176986716
2024-01-28,Meta Ads,Search,EdTech,UAE,113878,3678,0.032297722123676216,0.92,3383.76,216,15.665555555555557,62162.63,18.37087441189682,0.05872756933115824,58778.869999999995,0.9455660096749445
2024-05-24,Meta Ads,Display,E-commerce,Canada,196354,2945,0.014998421218819072,1.11,3268.95,177,18.46864406779661,7478.3,2.2876764710381012,0.060101867572156194,4209.35,0.5628752523969351
2024-07-25,Meta Ads,Video,EdTech,Australia,62194,2039,0.03278451297552819,1.84,3751.76,129,29.08341085271318,23854.38,6.358183892359852,0.06326630701324179,20102.620000000003,0.8427223847360528
2024-11-17,TikTok Ads,Shopping,Healthcare,Germany,56069,2949,0.05259590861260233,0.85,2506.65,150,16.711000000000002,29064.28,11.59486964673967,0.0508646998982706,26557.629999999997,0.9137549596962319
2024-07-18,Meta Ads,Search,EdTech,UAE,18706,458,0.024484122741366406,0.44,201.52,35,5.757714285714286,7330.28,36.37495037713378,0.07641921397379912,7128.759999999999,0.9725085535613919
2024-03-22,TikTok Ads,Video,SaaS,Canada,49390,3368,0.06819194168860093,1.65,5557.2,195,28.498461538461537,57395.9,10.328204851363997,0.057897862232779096,51838.700000000004,0.9031777531147696
2024-07-19,Google Ads,Shopping,Fintech,India,23773,461,0.019391746939805662,1.6,737.6,5,147.52,642.97,0.8717055314533623,0.010845986984815618,-94.63,-0.1471763845902608
2024-09-03,Meta Ads,Search,E-commerce,Canada,19959,586,0.029360188386191692,1.99,1166.14,17,68.5964705882353,4432.12,3.8006757336168895,0.02901023890784983,3265.9799999999996,0.7368888929000117
2024-01-30,Meta Ads,Display,Fintech,UAE,166155,6048,0.03639974722397761,1.46,8830.08,260,33.96184615384615,28494.38,3.2269673660940787,0.04298941798941799,19664.300000000003,0.6901115237460862
2024-02-28,TikTok Ads,Shopping,SaaS,UAE,50819,3206,0.06308664082331411,0.95,3045.7,222,13.71936936936937,24319.42,7.984837639951407,0.06924516531503432,21273.719999999998,0.8747626382537084
2024-08-28,Google Ads,Display,Healthcare,UK,15796,301,0.0190554570777412,1.91,574.91,17,33.81823529411764,1137.71,1.9789358334347986,0.05647840531561462,562.8000000000001,0.49467790561742453
2024-02-24,TikTok Ads,Display,E-commerce,India,133422,8458,0.06339284375890034,0.82,6935.56,663,10.460874811463047,111531.65,16.08113115595568,0.07838732560889099,104596.09,0.9378153196872816
2024-04-28,Meta Ads,Video,EdTech,Germany,181026,2769,0.015296145305094296,1.06,2935.14,155,18.936387096774194,18246.01,6.2164019433485285,0.05597688696280245,15310.869999999999,0.839135241074624
2024-03-17,Meta Ads,Shopping,E-commerce,Germany,57784,907,0.01569638654298768,1.21,1097.47,54,20.32351851851852,2856.1,2.602440157817526,0.05953693495038589,1758.6299999999999,0.6157452470151605
2024-06-22,Meta Ads,Search,E-commerce,India,81023,1944,0.02399318711970675,1.31,2546.64,146,17.442739726027398,32752.99,12.861256400590584,0.07510288065843622,30206.350000000002,0.9222470986618321
2024-07-08,Google Ads,Shopping,EdTech,USA,93623,6319,0.06749409867233479,1.25,7898.75,83,95.16566265060241,20925.73,2.649245766735243,0.013134989713562273,13026.98,0.6225340764694948
2024-05-12,TikTok Ads,Search,EdTech,Germany,118483,8826,0.07449169923111332,1.69,14915.94,570,26.168315789473684,139364.5,9.343326669321545,0.06458191706322229,124448.56,0.8929717395749993
2024-04-30,Google Ads,Shopping,Healthcare,UAE,155018,9146,0.05899960004644622,2.96,27072.16,495,54.69123232323232,33297.83,1.2299657655687615,0.05412202055543407,6225.670000000002,0.18696924093852366
2024-11-03,Google Ads,Search,EdTech,Canada,13614,744,0.054649625385632436,2.97,2209.68,54,40.919999999999995,11111.12,5.028384200427212,0.07258064516129033,8901.44,0.8011289590968327
2024-12-16,Google Ads,Display,SaaS,Australia,7594,225,0.02962865420068475,1.19,267.75,7,38.25,1275.11,4.762315592903827,0.03111111111111111,1007.3599999999999,0.7900181160841026
2024-08-16,TikTok Ads,Search,E-commerce,Australia,161640,5916,0.03659985152190052,0.46,2721.36,445,6.115415730337079,30797.18,11.31683422994385,0.07521974306964165,28075.82,0.9116360653800121
2024-12-23,Google Ads,Video,E-commerce,UAE,83845,2599,0.030997674279921283,2.69,6991.31,137,51.0314598540146,29891.75,4.2755577996112315,0.052712581762216236,22900.44,0.7661123888698387
2024-05-17,Google Ads,Display,Healthcare,Germany,195610,9956,0.050897193395020704,2.37,23595.72,401,58.84219451371571,116291.87,4.928515425678894,0.04027721976697469,92696.15,0.7970991437320597
2024-09-14,Google Ads,Display,Healthcare,UAE,63812,2686,0.0420923964144675,2.98,8004.28,84,95.28904761904762,6979.61,0.8719847381650817,0.03127326880119136,-1024.67,-0.14680906239746921
2024-08-28,Google Ads,Video,Fintech,UAE,33794,1030,0.030478783215955495,1.75,1802.5,25,72.1,1849.39,1.02601386962552,0.024271844660194174,46.8900000000001,0.025354306014415618
2024-06-15,Meta Ads,Shopping,Fintech,India,130056,3537,0.027195977117549362,0.58,2051.46,207,9.910434782608696,27550.99,13.429942577481404,0.058524173027989825,25499.530000000002,0.9255395178176901
2024-12-29,Google Ads,Shopping,SaaS,Canada,149438,3287,0.021995744054390448,3.73,12260.51,153,80.1340522875817,8351.95,0.6812073885996587,0.04654700334651658,-3908.5599999999995,-0.4679817288178209
2024-01-17,Meta Ads,Shopping,Healthcare,Canada,185750,1653,0.008899057873485869,1.3,2148.9,34,63.20294117647059,2916.11,1.3570245241751593,0.0205686630369026,767.21,0.2630936418722202
2024-07-29,Meta Ads,Video,SaaS,India,24750,747,0.03018181818181818,1.19,888.93,48,18.519375,1738.76,1.9560145343277875,0.0642570281124498,849.83,0.4887563551036371
2024-11-16,TikTok Ads,Shopping,Fintech,UK,66262,3790,0.05719718692463252,1.07,4055.3,150,27.035333333333334,24443.12,6.027450496880625,0.0395778364116095,20387.82,0.8340923744595616
2024-05-09,TikTok Ads,Video,E-commerce,UK,126854,7243,0.0570971352893878,0.81,5866.83,474,12.377278481012658,55705.28,9.494953833671676,0.0654424962032307,49838.45,0.8946808991894485
2024-09-19,Meta Ads,Video,EdTech,Canada,32559,553,0.016984551122577476,0.71,392.63,6,65.43833333333333,1500.74,3.8222754247000994,0.0108499095840868,1108.1100000000001,0.7383757346375789
2024-07-27,Google Ads,Search,SaaS,UAE,85729,1757,0.02049481505674859,3.02,5306.14,90,58.95711111111112,21584.82,4.067894929270619,0.05122367672168469,16278.68,0.7541726083423443
2024-12-08,Meta Ads,Shopping,E-commerce,India,126432,1567,0.01239401417362693,1.65,2585.55,110,23.505000000000003,31358.68,12.128436889636633,0.07019783024888322,28773.13,0.9175491442879611
2024-03-28,Meta Ads,Search,Fintech,UK,196595,2614,0.01329637071136092,0.38,993.32,28,35.47571428571429,6376.7,6.419582813192123,0.010711553175210406,5383.38,0.8442266376025217
2024-09-24,Meta Ads,Search,E-commerce,UK,14028,342,0.024379811804961505,1.89,646.38,7,92.34,716.51,1.1084965500170179,0.02046783625730994,70.13,0.09787721036691742
2024-03-21,Google Ads,Display,Healthcare,Canada,77964,2915,0.03738905135703658,3.38,9852.7,161,61.19689440993789,14283.0,1.4496533945009997,0.05523156089193825,4430.299999999999,0.31017993418749557
2024-04-12,Google Ads,Search,Fintech,UK,102677,3131,0.030493684077251965,3.67,11490.77,79,145.4527848101266,13056.26,1.1362389117526501,0.025231555413605878,1565.4899999999998,0.11990340265895438
2024-12-29,Google Ads,Search,Fintech,Germany,137737,3925,0.028496337222387595,0.9,3532.5,78,45.28846153846154,11545.1,3.26825194621373,0.019872611464968153,8012.6,0.6940260370200345
2024-05-05,Google Ads,Shopping,EdTech,USA,93534,3544,0.03788996514636389,0.95,3366.8,187,18.00427807486631,32280.5,9.587887608411547,0.052765237020316026,28913.7,0.8957017394402194
2024-06-17,Google Ads,Video,Fintech,Australia,127475,7342,0.05759560698176113,2.34,17180.28,574,29.93080139372822,74747.49,4.350772513602806,0.07818033233451376,57567.21000000001,0.7701557604141624
2024-09-09,Google Ads,Display,SaaS,USA,82700,2679,0.032394195888754536,0.86,2303.94,140,16.456714285714288,20788.45,9.02299973089577,0.052258305337812616,18484.510000000002,0.8891721123989523
2024-05-19,TikTok Ads,Shopping,E-commerce,UK,96432,7155,0.0741973618715779,0.35,2504.25,336,7.453125,47954.95,19.14942597584107,0.0469601677148847,45450.7,0.9477791135221703
2024-12-06,TikTok Ads,Shopping,SaaS,USA,154656,6557,0.042397320504862404,0.4,2622.8,345,7.602318840579711,49646.11,18.928667835900562,0.05261552539271008,47023.31,0.9471700803950198
2024-06-22,Google Ads,Video,Healthcare,UK,115415,3866,0.033496512585019275,3.29,12719.14,280,45.4255,61322.57,4.821282728234771,0.07242628039317124,48603.43,0.7925863185447055
2024-09-14,Google Ads,Search,E-commerce,Canada,157963,5607,0.035495654045567634,0.88,4934.16,205,24.069073170731706,50937.22,10.3233822981014,0.036561441055823075,46003.06,0.9031325227407384
2024-06-06,Meta Ads,Video,Fintech,Canada,133684,2018,0.015095299362676161,1.72,3470.96,44,78.88545454545455,11449.27,3.2985888630234865,0.02180376610505451,7978.31,0.6968400605453449
2024-01-05,Google Ads,Shopping,Healthcare,UAE,20091,956,0.04758349509730725,3.41,3259.96,36,90.55444444444444,9230.05,2.8313384213303228,0.03765690376569038,5970.089999999999,0.646810147290643
2024-12-19,Google Ads,Display,E-commerce,Canada,126946,6728,0.05299891292360531,2.31,15541.68,132,117.74000000000001,34256.99,2.204201218915844,0.019619500594530322,18715.309999999998,0.5463209114402637
2024-12-30,TikTok Ads,Search,Healthcare,Germany,8311,476,0.05727349296113585,1.61,766.36,18,42.57555555555555,1064.02,1.3884075369278146,0.037815126050420166,297.65999999999997,0.27975038063194296
2024-04-26,Google Ads,Video,Healthcare,UK,140091,7242,0.051694969698267555,2.52,18249.84,347,52.59319884726225,24525.17,1.3438567132643353,0.04791494062413698,6275.329999999998,0.2558730479747948
2024-05-16,TikTok Ads,Shopping,E-commerce,Canada,140121,4778,0.03409910006351653,0.86,4109.08,291,14.120549828178694,84859.67,20.65174442940999,0.060904143993302635,80750.59,0.9515779403808664
2024-07-31,Meta Ads,Display,Fintech,UK,159301,6738,0.042297286269389396,2.18,14688.84,302,48.63854304635762,57570.61,3.919343528828689,0.0448204214900564,42881.770000000004,0.7448552308200314
2024-01-16,TikTok Ads,Shopping,SaaS,Germany,88940,4384,0.049291657297054196,0.32,1402.88,66,21.255757575757578,10447.12,7.446909215328467,0.015054744525547446,9044.240000000002,0.8657161016624678
2024-08-04,Meta Ads,Search,Fintech,Canada,194287,5032,0.025899828604075414,0.85,4277.2,338,12.654437869822484,32920.35,7.696705788833817,0.06717011128775835,28643.149999999998,0.8700742853584484
2024-02-08,TikTok Ads,Search,Healthcare,India,17911,1148,0.06409469041371224,1.15,1320.2,52,25.388461538461538,3388.21,2.56643690349947,0.04529616724738676,2068.01,0.6103547300787142
2024-07-22,Meta Ads,Display,SaaS,UK,9909,170,0.01715612069835503,1.86,316.2,10,31.619999999999997,1238.47,3.9167299177735613,0.058823529411764705,922.27,0.7446849742020396
2024-01-18,TikTok Ads,Search,E-commerce,India,168616,6508,0.038596574465056696,1.02,6638.16,508,13.067244094488188,151081.09,22.759483049519748,0.07805777504609711,144442.93,0.9560622709301343
2024-09-29,Meta Ads,Shopping,Healthcare,Germany,139346,4096,0.029394456963242575,0.62,2539.52,236,10.760677966101694,12521.54,4.930671938004033,0.0576171875,9982.02,0.7971878858351289
2024-03-15,Meta Ads,Search,Fintech,UK,98740,1589,0.01609276888798866,2.09,3321.01,47,70.65978723404255,5063.31,1.5246295554665599,0.02957835116425425,1742.3000000000002,0.34410296821644343
2024-06-02,TikTok Ads,Video,EdTech,India,26471,1890,0.0713988893506101,0.94,1776.6,74,24.008108108108107,21647.86,12.184993808398065,0.039153439153439155,19871.260000000002,0.9179318417617262
2024-07-25,Meta Ads,Display,Healthcare,USA,174048,3846,0.02209735245449531,1.74,6692.04,75,89.2272,18304.27,2.7352302138062536,0.01950078003120125,11612.23,0.6344000607508521
2024-04-01,Meta Ads,Search,Healthcare,Australia,8877,230,0.025909654162442265,0.76,174.8,9,19.422222222222224,1921.06,10.990045766590388,0.0391304347826087,1746.26,0.9090085681863138
2024-05-13,Meta Ads,Shopping,EdTech,Germany,32488,919,0.02828736764343758,1.93,1773.67,32,55.4271875,7341.13,4.138949184459341,0.03482045701849837,5567.46,0.7583927814927675
2024-11-10,Google Ads,Search,Healthcare,USA,77968,3001,0.038490149805048224,2.85,8552.85,193,44.31528497409327,31448.71,3.676986033895134,0.06431189603465512,22895.86,0.7280381293859113
2024-07-31,TikTok Ads,Video,Fintech,UAE,10156,474,0.04667191807798346,0.31,146.94,29,5.066896551724138,1480.61,10.07628964203076,0.06118143459915612,1333.6699999999998,0.9007571203760611
2024-03-23,Meta Ads,Display,Fintech,UK,63676,1757,0.027592813618945913,1.16,2038.12,137,14.876788321167883,8830.01,4.332428905069378,0.07797381900967558,6791.89,0.7691825943571978
2024-06-29,Google Ads,Video,EdTech,UAE,93545,2974,0.03179218557913304,1.16,3449.84,58,59.480000000000004,4267.11,1.2369008417781693,0.019502353732347006,817.2699999999995,0.19152775531917376
2024-02-18,Meta Ads,Display,EdTech,India,8671,156,0.017991004497751123,1.46,227.76,7,32.537142857142854,1461.2,6.415525114155251,0.04487179487179487,1233.44,0.8441281138790035
2024-04-06,Meta Ads,Video,Fintech,USA,95930,1554,0.016199311998332116,0.72,1118.88,62,18.046451612903226,5774.95,5.161366723866723,0.039897039897039896,4656.07,0.806252867990199
2024-07-23,Google Ads,Display,E-commerce,Australia,73683,3757,0.05098869481427195,3.32,12473.24,131,95.21557251908396,33721.52,2.7035092726508907,0.0348682459409103,21248.28,0.6301103864831716
2024-07-17,Meta Ads,Shopping,SaaS,India,152932,6591,0.04309758585515131,1.25,8238.75,200,41.19375,14211.23,1.7249255044758003,0.030344409042633896,5972.48,0.42026481873842025
2024-03-01,TikTok Ads,Shopping,SaaS,UAE,125354,6179,0.04929240391212087,0.35,2162.65,259,8.35,9238.12,4.27166670519964,0.041916167664670656,7075.470000000001,0.7658993388265145
2024-09-06,Google Ads,Shopping,E-commerce,Canada,193613,9157,0.047295377893013385,2.79,25548.03,458,55.78172489082969,127981.37,5.00944182389014,0.05001638091077864,102433.34,0.8003769611155124
2024-11-25,Google Ads,Display,EdTech,Australia,158138,2846,0.017996939382058708,2.04,5805.84,143,40.60027972027972,22164.01,3.8175371694707394,0.050245959241040056,16358.169999999998,0.7380510115272462
2024-06-28,Google Ads,Video,Healthcare,UAE,134814,2804,0.02079902680730488,1.91,5355.64,195,27.464820512820513,46646.16,8.709726568626719,0.0695435092724679,41290.520000000004,0.8851858330889403
2024-02-19,Google Ads,Search,E-commerce,Australia,102366,2589,0.025291600726803823,1.59,4116.51,148,27.81425675675676,35080.15,8.521818239236636,0.05716492854383932,30963.64,0.8826541505666309
2024-05-24,Meta Ads,Display,Healthcare,Canada,159044,2385,0.014995850204974724,1.65,3935.25,184,21.387228260869566,35387.51,8.992442665650213,0.07714884696016772,31452.260000000002,0.8887955100542536
2024-04-22,TikTok Ads,Shopping,EdTech,USA,35932,1440,0.04007569854168986,0.91,1310.4,68,19.27058823529412,16668.75,12.720352564102564,0.04722222222222222,15358.35,0.9213858267716536
2024-04-01,TikTok Ads,Display,EdTech,Australia,116561,4231,0.036298590437624935,1.0,4231.0,172,24.598837209302324,42291.58,9.99564641928622,0.040652328054833375,38060.58,0.899956445230942
2024-07-07,Meta Ads,Shopping,Fintech,Australia,8608,100,0.011617100371747211,0.58,58.0,3,19.333333333333332,661.12,11.398620689655173,0.03,603.12,0.912270087124879
2024-08-19,Meta Ads,Search,E-commerce,UAE,19284,642,0.03329184816428127,1.57,1007.94,21,47.99714285714286,5907.29,5.860755600531777,0.03271028037383177,4899.35,0.8293735367655897
2024-03-07,Meta Ads,Display,Fintech,India,161764,2652,0.01639425335674192,0.99,2625.48,76,34.54578947368421,16956.51,6.458441884912473,0.02865761689291101,14331.029999999999,0.845163892805772
2024-12-11,TikTok Ads,Video,Fintech,Germany,116045,6660,0.057391529148175274,0.35,2331.0,467,4.991434689507495,76092.65,32.64377949377949,0.07012012012012012,73761.65,0.9693662922765865
2024-06-06,Meta Ads,Shopping,E-commerce,UK,61395,2038,0.033194885577001385,2.36,4809.68,102,47.15372549019608,16290.15,3.3869508990203085,0.050049067713444556,11480.47,0.704749188927051
2024-04-02,Google Ads,Shopping,EdTech,UAE,119183,5041,0.04229630064690434,3.38,17038.58,121,140.81471074380167,25438.17,1.4929747666765656,0.024003173973417974,8399.589999999997,0.3301963152223606
2024-10-04,Meta Ads,Search,E-commerce,UAE,26747,1099,0.0410887202303062,1.14,1252.86,36,34.80166666666666,5626.79,4.491156234535383,0.03275705186533212,4373.93,0.7773401886333061
2024-12-16,Meta Ads,Display,EdTech,Germany,157898,3094,0.019594928371480323,2.39,7394.66,245,30.182285714285715,72430.36,9.79495473760795,0.07918552036199095,65035.7,0.8979066236865314
2024-06-27,Meta Ads,Search,Healthcare,USA,49456,801,0.016196214817211257,1.86,1489.86,50,29.797199999999997,4108.2,2.757440296403689,0.062421972534332085,2618.34,0.637344822550022
2024-02-17,Google Ads,Video,SaaS,Canada,150213,5242,0.03489711276653818,3.15,16512.3,332,49.73584337349397,64497.69,3.9060391344634002,0.06333460511255246,47985.39,0.7439861799701664
2024-01-07,Google Ads,Shopping,EdTech,USA,73305,3635,0.049587340563399494,2.48,9014.8,47,191.80425531914892,2210.35,0.24519124107024007,0.012929848693259973,-6804.449999999999,-3.078449114393648
2024-06-22,TikTok Ads,Display,Fintech,UK,187663,10790,0.05749668288367979,0.69,7445.1,121,61.529752066115705,18190.79,2.4433237968596795,0.011214087117701575,10745.69,0.590721458496305
2024-10-31,TikTok Ads,Display,Healthcare,USA,85066,5903,0.06939317706251616,1.3,7673.9,465,16.503010752688173,85397.14,11.128258121685192,0.07877350499745892,77723.24,0.9101386767753581
2024-02-05,Google Ads,Shopping,EdTech,USA,12045,255,0.021170610211706103,2.02,515.1,4,128.775,161.02,0.312599495243642,0.01568627450980392,-354.08000000000004,-2.1989814929822384
2024-05-08,Google Ads,Video,Fintech,UAE,77796,3703,0.047598848269833925,2.67,9887.01,182,54.32423076923077,43235.35,4.372944904475671,0.04914933837429111,33348.34,0.7713211527141564
2024-02-05,TikTok Ads,Shopping,Fintech,UK,90443,3789,0.04189378945855401,0.57,2159.73,94,22.975851063829786,16003.58,7.409991063697777,0.02480865663763526,13843.85,0.8650470707179269
2024-03-17,Meta Ads,Display,E-commerce,Canada,52838,660,0.01249101025776903,1.78,1174.8,14,83.91428571428571,2258.16,1.9221654749744637,0.021212121212121213,1083.36,0.47975342756934847
2024-06-13,Meta Ads,Video,E-commerce,Australia,61284,1574,0.02568370210821748,1.52,2392.48,32,74.765,3680.82,1.5384956196081054,0.020330368487928845,1288.3400000000001,0.35001439896544795
2024-01-02,Meta Ads,Search,Healthcare,India,163624,4368,0.02669535031535716,1.28,5591.04,296,18.888648648648648,31041.33,5.5519778073489015,0.06776556776556776,25450.29,0.8198840062587525
2024-06-08,Meta Ads,Display,Healthcare,UK,194674,3601,0.01849759084418053,1.45,5221.45,165,31.645151515151515,8945.17,1.713158222332877,0.04582060538739239,3723.7200000000003,0.4162827537095438
2024-09-17,Meta Ads,Search,Healthcare,India,15485,196,0.012657410397158541,1.54,301.84,8,37.73,362.78,1.2018950437317784,0.04081632653061224,60.94,0.16798059429957551
2024-03-17,Google Ads,Search,Fintech,Germany,138154,9518,0.06889413263459618,2.22,21129.96,534,39.569213483146065,24562.44,1.1624461191597144,0.05610422357638159,3432.4799999999996,0.13974507418644075
2024-05-29,TikTok Ads,Video,Fintech,USA,76922,2669,0.03469748576480071,1.32,3523.08,110,32.028,12940.72,3.673126923033255,0.04121393780442113,9417.64,0.7277523970845517
2024-08-12,Google Ads,Shopping,EdTech,Germany,13947,718,0.051480605148060514,1.56,1120.08,44,25.456363636363633,11863.61,10.59175237483037,0.06128133704735376,10743.53,0.9055869166299297
2024-11-08,Google Ads,Display,EdTech,Germany,199164,6671,0.03349500913819767,3.19,21280.49,118,180.34313559322035,27461.46,1.290452428492013,0.017688502473392296,6180.9699999999975,0.22507798201552276
2024-09-21,Meta Ads,Shopping,E-commerce,Canada,138018,1683,0.012194061644133374,1.03,1733.49,56,30.955178571428572,8635.5,4.981568973573542,0.033273915626856804,6902.01,0.7992600312662845
2024-03-03,Meta Ads,Shopping,Fintech,UAE,161408,1581,0.009795053528945281,1.11,1754.91,51,34.410000000000004,6128.54,3.4922246724903268,0.03225806451612903,4373.63,0.7136495804873592
2024-10-29,TikTok Ads,Shopping,E-commerce,Germany,130811,8895,0.06799886859667766,0.32,2846.4,150,18.976,31192.02,10.958410623946037,0.016863406408094434,28345.62,0.90874589077591
2024-06-27,Meta Ads,Display,EdTech,UAE,140460,2753,0.01959988608856614,0.51,1404.03,87,16.138275862068966,18763.62,13.364116151364287,0.03160188884852888,17359.59,0.9251727545111231
2024-03-21,Meta Ads,Shopping,EdTech,Canada,119731,2969,0.02479725384403371,0.56,1662.64,47,35.37531914893617,11619.48,6.9885723908964055,0.01583024587403166,9956.84,0.8569092592783842
2024-10-12,Meta Ads,Search,E-commerce,USA,61437,1087,0.017692921203834824,2.23,2424.01,80,30.300125,11780.01,4.859720050659857,0.07359705611775529,9356.0,0.7942268300281579
2024-08-29,Google Ads,Search,E-commerce,UAE,37827,2072,0.054775689322441645,0.81,1678.32,133,12.618947368421052,19268.21,11.48065327231994,0.06418918918918919,17589.89,0.912896942684349
2024-06-24,Google Ads,Display,SaaS,Germany,180848,5515,0.03049522250729895,3.32,18309.8,362,50.57955801104972,84316.14,4.604973292990639,0.0656391659111514,66006.34,0.7828434745708235
2024-02-19,Google Ads,Video,Fintech,UAE,30545,1728,0.05657227042069078,1.73,2989.44,51,58.616470588235295,3408.09,1.1400429511881824,0.029513888888888888,418.6500000000001,0.12284006584333163
2024-07-26,TikTok Ads,Shopping,Fintech,UAE,21643,1142,0.05276532828166151,1.03,1176.26,81,14.521728395061729,18823.45,16.00279700066312,0.07092819614711034,17647.190000000002,0.9375109238742102
2024-02-06,Meta Ads,Display,Healthcare,UK,58164,936,0.016092428306168763,0.88,823.68,13,63.36,1791.65,2.1751772533022535,0.013888888888888888,967.9700000000001,0.5402673513241985
2024-04-09,Meta Ads,Shopping,Fintech,UAE,69102,1354,0.019594223032618447,1.61,2179.94,89,24.49370786516854,14410.72,6.610603961576924,0.06573116691285082,12230.779999999999,0.8487278914585807
2024-08-01,TikTok Ads,Shopping,Fintech,UK,164852,6445,0.03909567369519326,1.64,10569.8,471,22.441188959660295,43233.91,4.090324320233117,0.07307990690457719,32664.110000000004,0.7555206087073781
2024-10-24,Google Ads,Shopping,Fintech,India,149064,5724,0.038399613588794075,1.32,7555.68,369,20.47609756097561,107029.4,14.165422569510618,0.06446540880503145,99473.72,0.9294055651998423
2024-07-06,Meta Ads,Shopping,E-commerce,UK,80888,2070,0.02559094055978637,0.74,1531.8,71,21.574647887323945,19601.22,12.796200548374463,0.03429951690821256,18069.420000000002,0.9218518031020518
2024-12-16,Meta Ads,Display,SaaS,USA,21471,753,0.03507056029062457,1.79,1347.87,28,48.138214285714284,7559.0,5.608107606816682,0.03718459495351926,6211.13,0.8216867310490806
2024-05-05,Meta Ads,Shopping,Healthcare,India,160182,4901,0.030596446542058408,1.02,4999.02,88,56.80704545454546,22338.67,4.468609847530115,0.017955519281779228,17339.649999999998,0.7762167577568404
2024-04-01,TikTok Ads,Display,EdTech,Canada,30226,1196,0.03956858333884735,1.46,1746.16,12,145.51333333333335,2625.21,1.5034189306821826,0.010033444816053512,879.05,0.33484940252398854
2024-07-12,Google Ads,Search,SaaS,Australia,146677,7597,0.05179407814449437,1.42,10787.74,186,57.998602150537636,35941.14,3.3316653905266533,0.024483348690272477,25153.4,0.6998498099948972
2024-06-24,Meta Ads,Shopping,Healthcare,UAE,74859,1661,0.02218838082261318,1.35,2242.35,101,22.201485148514852,6046.11,2.6963275135460565,0.060806742925948225,3803.7599999999998,0.629125173045148
2024-05-02,Google Ads,Display,SaaS,Australia,127232,3867,0.030393297283702214,2.95,11407.65,177,64.45,6676.28,0.5852458657129207,0.045771916214119475,-4731.37,-0.7086835782801201
2024-12-21,Google Ads,Video,SaaS,UK,83243,2821,0.03388873538916185,3.03,8547.63,181,47.22447513812154,43894.09,5.135235147052458,0.0641616448068061,35346.46,0.805266950516573
2024-05-20,Meta Ads,Shopping,EdTech,UAE,85846,2274,0.026489294783682407,0.43,977.82,113,8.653274336283186,8382.57,8.572712769221328,0.04969217238346526,7404.75,0.8833508100737603
2024-02-03,TikTok Ads,Display,Healthcare,USA,150227,8683,0.05779919721488148,1.7,14761.1,315,46.86063492063492,86296.01,5.846177452899851,0.03627778417597605,71534.90999999999,0.8289480591281102
2024-07-30,Google Ads,Display,Healthcare,Canada,50411,1320,0.026184761262422883,2.68,3537.6,49,72.19591836734693,12873.07,3.6389275214834917,0.037121212121212124,9335.47,0.7251937572001084
2024-01-17,Google Ads,Shopping,Fintech,UK,100552,3861,0.03839804280372345,1.91,7374.51,57,129.37736842105264,14567.86,1.97543430004163,0.014763014763014764,7193.35,0.4937822027394552
2024-07-02,Google Ads,Display,Fintech,UAE,32428,603,0.01859504132231405,1.61,970.83,47,20.65595744680851,11645.06,11.994952772370032,0.0779436152570481,10674.23,0.9166316017263972
2024-11-13,Google Ads,Search,Healthcare,USA,84517,1664,0.019688346723144456,2.4,3993.6,91,43.885714285714286,21828.0,5.4657451923076925,0.0546875,17834.4,0.817042330951072
2024-03-21,Meta Ads,Shopping,EdTech,Germany,160091,4210,0.0262975432722639,1.07,4504.7,322,13.989751552795031,62914.38,13.966386218838103,0.07648456057007126,58409.68,0.9283995169307876
2024-06-23,Google Ads,Search,EdTech,UK,158778,7256,0.04569902631346912,1.5,10884.0,431,25.25290023201856,17905.23,1.6450964718853363,0.05939911797133407,7021.23,0.3921329131209149
2024-04-16,Google Ads,Search,Healthcare,Germany,145284,8121,0.05589741471875774,2.66,21601.86,503,42.946043737574556,135453.16,6.270439675102051,0.06193818495259205,113851.3,0.8405215500324983
2024-02-04,Meta Ads,Shopping,E-commerce,Germany,82665,2521,0.030496582592390974,0.64,1613.44,182,8.865054945054945,48413.75,30.006538823879414,0.07219357397857992,46800.31,0.9666739304433141
2024-07-21,TikTok Ads,Shopping,Fintech,UK,157973,12227,0.07739930241243757,0.53,6480.31,540,12.000574074074075,99930.16,15.420583274565567,0.04416455385621984,93449.85,0.9351516098843432
2024-04-09,TikTok Ads,Display,Fintech,India,48898,3193,0.06529919424107325,0.89,2841.77,179,15.875810055865921,27594.33,9.71026156233615,0.056060131537738804,24752.56,0.8970161623782856
2024-03-08,Google Ads,Search,SaaS,USA,185923,7827,0.04209807285811868,3.68,28803.36,215,133.96911627906977,61106.18,2.1214948533782167,0.02746901750351348,32302.82,0.5286342559786915
2024-08-20,TikTok Ads,Search,Healthcare,Canada,89688,6583,0.0733988939434484,0.34,2238.22,273,8.198608058608057,36559.47,16.33417179723173,0.04147045420021267,34321.25,0.9387786529728138
2024-08-15,TikTok Ads,Search,Fintech,Canada,15273,464,0.030380409873633208,0.77,357.28,24,14.886666666666665,871.3,2.438703537841469,0.05172413793103448,514.02,0.5899460576150579
2024-03-10,Google Ads,Shopping,SaaS,Australia,71107,2936,0.04128988707159632,2.67,7839.12,215,36.461023255813956,26952.54,3.4382099011113496,0.07322888283378746,19113.420000000002,0.7091509742681025
2024-06-30,Google Ads,Shopping,SaaS,UAE,79681,2916,0.036595926255945585,2.34,6823.44,184,37.08391304347826,46327.26,6.789428792515213,0.06310013717421124,39503.82,0.8527122044342791
2024-03-19,Meta Ads,Video,Healthcare,UK,102148,1205,0.011796608842072287,1.31,1578.55,59,26.755084745762712,17697.95,11.21152323334706,0.04896265560165975,16119.400000000001,0.910806053808492
2024-06-27,Meta Ads,Search,Fintech,UK,115540,1686,0.01459234897005366,1.58,2663.88,87,30.61931034482759,20354.07,7.640760845083111,0.051601423487544484,17690.19,0.8691229813005458
2024-06-13,Google Ads,Video,E-commerce,UAE,16766,846,0.05045926279374925,2.46,2081.16,34,61.21058823529411,7254.65,3.48586845797536,0.04018912529550828,5173.49,0.713127442399013
2024-02-07,Google Ads,Display,E-commerce,Germany,96931,5844,0.06029030960167542,1.12,6545.28,297,22.037979797979798,47765.4,7.297686271633911,0.05082135523613963,41220.12,0.8629702671808465
2024-01-10,Meta Ads,Search,SaaS,UK,175574,6935,0.03949901466048504,0.69,4785.15,515,9.291553398058252,69264.33,14.474850318171846,0.07426099495313626,64479.18,0.9309146569381382
2024-12-08,TikTok Ads,Shopping,EdTech,Australia,175330,8766,0.049997148234757316,0.73,6399.18,302,21.18933774834437,35245.68,5.507843192409028,0.034451289071412275,28846.5,0.818440728055183
2024-12-30,Google Ads,Shopping,E-commerce,UAE,45225,2211,0.04888888888888889,0.91,2012.01,156,12.897499999999999,38495.98,19.13309575996143,0.07055630936227951,36483.97,0.9477345426717283
2024-09-04,Meta Ads,Shopping,Fintech,India,79992,1055,0.013188818881888189,1.52,1603.6,21,76.36190476190475,4912.79,3.0636006485407834,0.01990521327014218,3309.19,0.6735866992075786
2024-09-17,Meta Ads,Display,EdTech,Australia,23113,228,0.009864578375805823,0.6,136.8,17,8.047058823529412,2097.34,15.331432748538012,0.07456140350877193,1960.5400000000002,0.9347745239207759
2024-07-31,Meta Ads,Search,EdTech,Germany,39754,1164,0.02928007244554007,1.35,1571.4,72,21.825000000000003,9221.61,5.868403970981291,0.061855670103092786,7650.210000000001,0.829595916548195
2024-08-16,Google Ads,Shopping,SaaS,UAE,89383,5631,0.06299855677254064,3.67,20665.77,163,126.78386503067485,35918.24,1.7380547639889536,0.028946901083288935,15252.469999999998,0.42464413623830116
2024-02-08,TikTok Ads,Search,EdTech,USA,128900,10273,0.07969743987587277,0.84,8629.32,238,36.25764705882353,11417.91,1.3231529251435803,0.023167526525844445,2788.59,0.24422946055801809
2024-08-18,Google Ads,Display,EdTech,Canada,179159,6593,0.036799714220329426,2.23,14702.39,459,32.03135076252723,76527.74,5.205122432475265,0.0696192931897467,61825.350000000006,0.8078815603335471
2024-03-30,TikTok Ads,Display,SaaS,India,15739,1205,0.07656140796746934,0.46,554.3,60,9.238333333333333,6092.69,10.991683204041133,0.04979253112033195,5538.389999999999,0.9090221232329233
2024-03-20,Meta Ads,Shopping,Fintech,Australia,25243,580,0.022976666798716475,1.98,1148.4,13,88.33846153846154,3883.09,3.3813044235458025,0.022413793103448276,2734.69,0.7042561465224859
2024-06-07,TikTok Ads,Video,Fintech,Canada,196745,13240,0.0672952298660703,1.63,21581.2,761,28.359001314060446,195233.42,9.046458028283878,0.0574773413897281,173652.22,0.8894594993008881
2024-11-22,Meta Ads,Search,E-commerce,Germany,23186,512,0.02208229103769516,2.11,1080.32,26,41.55076923076923,2663.68,2.4656398104265405,0.05078125,1583.36,0.5944257568476694
2024-10-26,Google Ads,Shopping,SaaS,USA,189480,6290,0.03319611568503272,3.55,22329.5,204,109.45833333333333,44620.04,1.9982552229113952,0.032432432432432434,22290.54,0.49956342486470207
2024-11-11,Meta Ads,Video,Fintech,UK,112518,1597,0.014193284630014753,1.08,1724.76,105,16.426285714285715,25379.08,14.714557387694521,0.06574827802128992,23654.320000000003,0.9320400897116838
2024-08-12,Google Ads,Video,E-commerce,USA,116789,6586,0.05639229721977241,2.69,17716.34,220,80.52881818181818,34309.56,1.936605416242858,0.033404190707561496,16593.219999999998,0.48363255022798307
2024-04-26,TikTok Ads,Search,SaaS,Germany,42575,2188,0.05139166177334116,1.8,3938.4,63,62.51428571428571,13519.27,3.4326807840747513,0.028793418647166363,9580.87,0.7086824954305965
2024-07-23,TikTok Ads,Video,Fintech,Canada,51557,2882,0.05589929592489866,1.25,3602.5,135,26.685185185185187,6028.08,1.6733046495489243,0.04684247050659265,2425.58,0.40238019402529496
2024-01-06,Meta Ads,Video,Healthcare,Australia,131681,1725,0.013099839764278825,0.79,1362.75,108,12.618055555555555,31291.1,22.96173179233168,0.06260869565217392,29928.35,0.9564492779096931
2024-05-11,Google Ads,Search,SaaS,Canada,89833,4536,0.05049369385415159,3.74,16964.64,166,102.19662650602409,42497.44,2.5050599364324855,0.03659611992945326,25532.800000000003,0.6008079545497329
2024-12-09,Meta Ads,Shopping,Fintech,USA,116161,4379,0.03769767822246709,1.77,7750.83,264,29.359204545454546,18090.29,2.333981005905174,0.060287736926238865,10339.460000000001,0.571547498685759
2024-01-09,Google Ads,Search,SaaS,Australia,53544,1670,0.03118930225608845,1.41,2354.7,20,117.73499999999999,4659.21,1.9786851828258378,0.011976047904191617,2304.51,0.49461389377169096
2024-12-13,Meta Ads,Shopping,Fintech,Canada,107126,3631,0.03389466609413214,1.08,3921.48,260,15.082615384615385,19151.86,4.883834674663648,0.07160561828697329,15230.380000000001,0.7952428641395667
2024-10-29,Google Ads,Shopping,EdTech,USA,182395,8517,0.04669535897365608,3.45,29383.65,517,56.83491295938105,27133.78,0.9234312279107598,0.06070212516144182,-2249.8700000000026,-0.08291767678517342
2024-10-15,Meta Ads,Video,SaaS,USA,39253,1122,0.02858380251190992,1.25,1402.5,81,17.314814814814813,15452.61,11.01790374331551,0.07219251336898395,14050.11,0.9092386334735686
2024-02-26,TikTok Ads,Search,E-commerce,Canada,109794,3886,0.035393555203380875,1.61,6256.46,73,85.70493150684932,9808.76,1.5677811414122362,0.01878538342768914,3552.3,0.36215586883561224
2024-11-09,Google Ads,Video,E-commerce,UAE,27612,963,0.0348761408083442,3.3,3177.9,75,42.372,12575.02,3.9570219327228675,0.0778816199376947,9397.12,0.7472846961674813
2024-10-13,Meta Ads,Search,E-commerce,India,61994,1847,0.029793205794109108,0.8,1477.6,147,10.051700680272107,5622.21,3.804960747157553,0.07958852192744992,4144.610000000001,0.7371851994144653
2024-10-05,Google Ads,Search,E-commerce,UAE,48953,2447,0.04998672195779626,1.11,2716.17,144,18.862291666666668,17526.62,6.4526962598070075,0.05884756845116469,14810.449999999999,0.8450260232720285
2024-04-18,Google Ads,Search,E-commerce,Germany,13484,382,0.028329872441412045,1.34,511.88,23,22.25565217391304,1623.76,3.1721497225912323,0.060209424083769635,1111.88,0.6847563679361482
2024-11-16,TikTok Ads,Display,EdTech,UK,13255,709,0.053489249339871744,1.32,935.88,37,25.294054054054055,11059.11,11.816803436337993,0.05218617771509168,10123.230000000001,0.9153747453456924
2024-11-08,Meta Ads,Video,EdTech,Australia,162889,4658,0.0285961605756067,1.11,5170.38,332,15.57343373493976,57094.6,11.042631295958904,0.07127522541863461,51924.22,0.9094418736623079
2024-10-28,TikTok Ads,Shopping,Healthcare,UAE,21972,1915,0.08715638084835245,1.05,2010.75,36,55.854166666666664,2412.15,1.199627004848937,0.018798955613577025,401.4000000000001,0.1664075617187986
2024-08-20,TikTok Ads,Shopping,SaaS,Canada,186136,13885,0.07459599432672884,0.95,13190.75,891,14.804433221099888,133397.7,10.112973106153934,0.06416996759092546,120206.95000000001,0.9011171107148024
2024-04-28,Google Ads,Display,Healthcare,UAE,135171,5231,0.03869912925109676,1.78,9311.18,149,62.491140939597315,19918.92,2.1392476571175725,0.028484037468935193,10607.739999999998,0.5325459412458105
2024-03-27,Meta Ads,Search,Fintech,India,176656,2897,0.016399103342088578,1.87,5417.39,86,62.99290697674419,23130.95,4.269759053714058,0.02968588194684156,17713.56,0.7657947468651309
2024-02-06,Google Ads,Display,Healthcare,USA,51678,2966,0.05739386199156314,2.58,7652.28,192,39.855624999999996,21240.9,2.7757609496777436,0.06473364801078894,13588.620000000003,0.6397384291626061
2024-08-11,Meta Ads,Search,SaaS,Germany,26491,423,0.01596768713902835,0.95,401.85,28,14.351785714285715,3219.77,8.012367798929949,0.06619385342789598,2817.92,0.875192948564649
2024-09-15,Meta Ads,Shopping,Healthcare,UK,174862,3846,0.02199448708124121,0.45,1730.7,299,5.788294314381271,67036.78,38.73391113422314,0.07774310972438897,65306.08,0.9741828291872014
2024-10-13,Meta Ads,Video,E-commerce,Germany,77353,1895,0.024498080229596784,1.69,3202.55,73,43.87054794520548,9316.26,2.909013130161902,0.03852242744063324,6113.71,0.6562408090800386
2024-03-17,Meta Ads,Shopping,EdTech,UAE,108726,2968,0.027297978404429483,2.32,6885.76,49,140.5257142857143,2393.62,0.34761885398271214,0.01650943396226415,-4492.14,-1.8767139312004415
2024-06-28,Google Ads,Search,Fintech,UK,196883,10119,0.05139600676543937,1.48,14976.12,636,23.54735849056604,121588.49,8.118824501940422,0.06285206048028462,106612.37000000001,0.8768294597621864
2024-12-23,Google Ads,Search,EdTech,UAE,180627,8074,0.04469985107431337,1.58,12756.92,266,47.95834586466165,72041.28,5.647231463393985,0.032945256378498884,59284.36,0.8229220802295573
2024-02-25,Google Ads,Video,SaaS,India,85196,2572,0.030189210761068595,2.29,5889.88,34,173.23176470588237,8900.58,1.511164913376843,0.013219284603421462,3010.7,0.3382588550409074
2024-03-18,Google Ads,Video,E-commerce,Australia,74098,1911,0.025790169775162623,2.85,5446.35,91,59.85,9234.96,1.6956236745710427,0.047619047619047616,3788.6099999999988,0.41024649808986713
2024-01-07,TikTok Ads,Search,Healthcare,UK,166711,13670,0.08199818848186383,1.5,20505.0,592,34.63682432432432,43676.76,2.130054133138259,0.04330651060716898,23171.760000000002,0.5305283633676124
2024-09-18,Google Ads,Video,Healthcare,UAE,141501,6452,0.04559685090564731,2.97,19162.44,193,99.28725388601036,47970.13,2.503341432510682,0.02991320520768754,28807.69,0.6005339155845523
2024-03-30,Google Ads,Video,Fintech,UAE,81303,4154,0.051092825602991276,1.95,8100.3,121,66.94462809917356,35667.19,4.40319370887498,0.029128550794415023,27566.890000000003,0.7728921173773432
2024-01-13,TikTok Ads,Shopping,SaaS,India,83871,6382,0.07609304765652013,1.05,6701.1,196,34.18928571428572,31406.57,4.68677829013147,0.03071137574428079,24705.47,0.7866338157907725
2024-11-05,Meta Ads,Video,Healthcare,Germany,178013,1886,0.01059473184542702,1.14,2150.04,83,25.904096385542168,22320.49,10.381430112928133,0.0440084835630965,20170.45,0.9036741576909826
2024-09-10,Meta Ads,Search,EdTech,India,160341,2228,0.01389538545973893,0.86,1916.08,70,27.372571428571426,6302.54,3.289288547451046,0.03141831238779174,4386.46,0.6959828894382265
2024-06-15,Google Ads,Shopping,E-commerce,USA,138135,7721,0.05589459586636262,1.66,12816.86,112,114.43625,4652.6,0.3630062277344061,0.014505893019038985,-8164.26,-1.7547736749344451
2024-10-09,Meta Ads,Display,E-commerce,Germany,72500,1341,0.01849655172413793,1.55,2078.55,30,69.28500000000001,5770.13,2.776036179067138,0.02237136465324385,3691.58,0.6397741472029226
2024-01-28,TikTok Ads,Display,Healthcare,India,104626,9144,0.08739701412650776,1.1,10058.4,389,25.857069408740358,83739.39,8.325319136244334,0.04254155730533683,73680.99,0.8798844844702117
2024-11-04,Google Ads,Shopping,Fintech,India,70107,4045,0.057697519505898125,2.72,11002.4,203,54.19901477832512,22267.98,2.0239202355849635,0.05018541409147095,11265.58,0.5059093819915412
2024-02-22,Meta Ads,Search,EdTech,USA,63952,1451,0.022688891668751564,2.24,3250.24,86,37.79348837209302,25126.44,7.7306414295559716,0.059269469331495524,21876.199999999997,0.8706446277307887
2024-04-05,Meta Ads,Shopping,E-commerce,UK,43148,979,0.02268934828960786,1.11,1086.69,71,15.30549295774648,7719.69,7.103856665654417,0.07252298263534218,6633.0,0.8592313940067542
2024-03-06,Google Ads,Shopping,SaaS,UAE,193326,12334,0.06379897168513289,1.28,15787.52,715,22.080447552447552,196162.94,12.425190276876926,0.05796983946813686,180375.42,0.9195183351146756
2024-01-22,Meta Ads,Search,Fintech,USA,80507,2318,0.028792527357869503,0.71,1645.78,119,13.830084033613446,23887.12,14.514163496943699,0.05133735979292493,22241.34,0.9311017820482336
2024-01-27,Meta Ads,Search,Fintech,Canada,128556,4910,0.038193472105541554,0.88,4320.8,55,78.56,10684.27,2.472752730975745,0.01120162932790224,6363.47,0.5955923989191587
2024-08-10,Meta Ads,Search,Healthcare,UK,29055,912,0.03138874548270521,1.47,1340.64,41,32.69853658536586,6404.23,4.776994569757727,0.044956140350877194,5063.589999999999,0.7906633584365332
2024-04-03,Meta Ads,Video,SaaS,UAE,172517,3191,0.01849672785870378,1.81,5775.71,96,60.163645833333334,13225.69,2.2898812440375296,0.030084612973989344,7449.9800000000005,0.5632961304854416
2024-01-18,Meta Ads,Video,Fintech,Canada,84712,1473,0.017388327509679856,2.27,3343.71,74,45.18527027027027,3310.43,0.9900469837396185,0.05023761031907671,-33.2800000000002,-0.010053074676099541
2024-12-02,Google Ads,Video,Fintech,India,115760,2558,0.022097442985487215,3.19,8160.02,164,49.75621951219512,37092.55,4.5456444959693725,0.06411258795934324,28932.530000000002,0.7800091932207411
2024-04-16,Google Ads,Search,Fintech,Germany,187831,7306,0.03889666774920008,1.37,10009.22,321,31.1813707165109,91963.37,9.1878657877437,0.043936490555707634,81954.15,0.8911607958690508
2024-01-18,Meta Ads,Video,Fintech,UK,72278,2421,0.03349566949832591,1.29,3123.09,26,120.11884615384616,5625.44,1.8012417189386152,0.0107393638992152,2502.3499999999995,0.44482742683238996
2024-10-21,Google Ads,Search,EdTech,USA,121107,3148,0.025993542900080095,2.39,7523.72,243,30.96181069958848,33241.31,4.418201368471979,0.07719186785260483,25717.589999999997,0.7736635529706861
2024-08-19,Google Ads,Shopping,Fintech,India,112930,2427,0.021491189232267775,0.95,2305.65,53,43.50283018867925,10549.62,4.575551362956216,0.021837659662134322,8243.970000000001,0.7814471042558879
2024-12-14,Google Ads,Video,SaaS,Canada,94767,4662,0.04919433980182975,2.9,13519.8,136,99.41029411764706,33757.52,2.4968949244811314,0.02917202917202917,20237.719999999998,0.5995025700940116
2024-10-28,TikTok Ads,Display,E-commerce,India,189933,13295,0.06999836784550341,1.03,13693.85,284,48.217781690140846,45485.98,3.321635624751257,0.021361414065438136,31792.130000000005,0.6989434986340847
2024-09-21,Meta Ads,Shopping,Fintech,Canada,17281,793,0.045888548116428445,1.18,935.74,46,20.342173913043478,12594.97,13.459903391967854,0.058007566204287514,11659.23,0.9257052617036802
2024-03-11,Google Ads,Video,Fintech,UK,41388,964,0.023291775393833963,3.04,2930.56,72,40.70222222222222,19679.4,6.715235313387203,0.07468879668049792,16748.84,0.8510848907995162
2024-11-09,Google Ads,Shopping,EdTech,USA,52083,2781,0.05339554173146708,2.64,7341.84,160,45.8865,39686.47,5.405520959323549,0.05753326141675656,32344.63,0.8150039547483059
2024-12-02,Google Ads,Video,E-commerce,UAE,110109,2378,0.021596781371186733,3.19,7585.82,41,185.01999999999998,6931.99,0.9138089224368625,0.017241379310344827,-653.8299999999999,-0.09432067847760887
2024-07-26,TikTok Ads,Display,Fintech,Canada,73743,1991,0.026999172802842305,1.77,3524.07,155,22.735935483870968,29721.14,8.433754153578107,0.077850326469111,26197.07,0.8814288415585674
2024-07-28,Google Ads,Shopping,Healthcare,Australia,79189,4315,0.054489891272777785,0.92,3969.8,197,20.151269035532994,21995.7,5.540757720791979,0.045654692931633836,18025.9,0.8195192696754366
2024-12-13,Meta Ads,Search,Fintech,USA,179943,4174,0.023196234363103873,2.2,9182.8,289,31.774394463667818,32129.87,3.498918630483077,0.06923814087206516,22947.07,0.7141974119409759
2024-03-08,Google Ads,Search,E-commerce,Canada,22414,472,0.021058267154457036,2.51,1184.72,34,34.84470588235294,7160.99,6.044457762171652,0.07203389830508475,5976.2699999999995,0.8345591880452283
2024-11-07,Meta Ads,Video,SaaS,Australia,107299,2585,0.02409155723725291,1.32,3412.2,110,31.02,23820.26,6.980909677041205,0.0425531914893617,20408.059999999998,0.8567521933009967
2024-04-03,TikTok Ads,Shopping,SaaS,Australia,68815,3172,0.046094601467703264,0.79,2505.88,76,32.97210526315789,2602.57,1.038585247497885,0.02395964691046658,96.69000000000005,0.03715173847389313
2024-10-24,Google Ads,Display,EdTech,Germany,164457,8321,0.05059681254066412,1.76,14644.96,610,24.008131147540983,27104.12,1.850747287804132,0.0733084965749309,12459.16,0.4596777168932251
2024-11-17,Google Ads,Display,E-commerce,India,105477,6391,0.06059140855352352,1.84,11759.44,116,101.3744827586207,17001.07,1.4457380623567109,0.01815052417462056,5241.629999999999,0.30831177096500395
2024-12-05,Google Ads,Video,Fintech,UK,160816,9745,0.06059720425828276,1.22,11888.9,553,21.49891500904159,62922.41,5.292534212584848,0.056747049769112365,51033.51,0.8110545988305279
2024-09-02,Google Ads,Display,Healthcare,UK,23904,609,0.02547690763052209,1.66,1010.94,35,28.884,7211.31,7.133272004273251,0.05747126436781609,6200.370000000001,0.8598118788403217
2024-12-30,Meta Ads,Display,SaaS,USA,60448,1493,0.02469891476971943,2.29,3418.97,89,38.41539325842697,24577.78,7.188650383010088,0.05961152042866711,21158.809999999998,0.8608918299374475
2024-08-24,TikTok Ads,Video,Fintech,UAE,138332,9558,0.06909464187606627,0.35,3345.3,195,17.155384615384616,26087.06,7.798122739365677,0.020401757689893284,22741.760000000002,0.8717640086694323
2024-03-12,Google Ads,Video,SaaS,India,112399,3585,0.03189530155962242,3.11,11149.35,91,122.52032967032967,20140.14,1.8063958885495566,0.025383542538354256,8990.789999999999,0.4464114946569388
2024-02-16,Google Ads,Video,E-commerce,Germany,180069,5780,0.03209880656859315,1.47,8496.6,272,31.2375,74348.97,8.750437822187699,0.047058823529411764,65852.37,0.8857200039220449
2024-09-27,Meta Ads,Shopping,Fintech,USA,155354,3371,0.021698829769429818,1.27,4281.17,100,42.8117,7916.95,1.8492491538528018,0.029664787896766538,3635.7799999999997,0.45923998509527025
2024-05-15,Meta Ads,Shopping,Fintech,UAE,163564,1946,0.011897483553838253,0.66,1284.36,72,17.83833333333333,6787.22,5.2845152449469,0.03699897225077081,5502.860000000001,0.810767884347347
2024-01-11,TikTok Ads,Display,Fintech,UK,146587,5995,0.04089721462339771,1.52,9112.4,161,56.59875776397515,27684.26,3.038086563364207,0.026855713094245205,18571.86,0.670845455143103
2024-03-29,Google Ads,Display,Healthcare,USA,79843,2427,0.030397154415540497,1.43,3470.61,127,27.327637795275592,27833.99,8.019912925969786,0.0523279769262464,24363.38,0.8753103669290676
2024-10-11,Meta Ads,Video,SaaS,Canada,128245,2949,0.02299504853990409,1.59,4688.91,85,55.16364705882353,8616.72,1.837680825607657,0.02882332994235334,3927.8099999999995,0.4558358632983316
2024-09-26,Google Ads,Shopping,Fintech,Australia,161252,8046,0.0498970555403964,3.05,24540.3,550,44.61872727272727,130994.6,5.337938004017881,0.06835694755157842,106454.3,0.8126617433085028
2024-01-24,TikTok Ads,Shopping,SaaS,Germany,107262,5127,0.047798847681378306,1.24,6357.48,343,18.534927113702622,93405.13,14.692162617892626,0.06690072166959235,87047.65000000001,0.9319365007039764
2024-05-24,Meta Ads,Video,SaaS,Germany,22139,458,0.020687474592348345,0.43,196.94,8,24.6175,2367.39,12.020869300294505,0.017467248908296942,2170.45,0.9168113407592328
2024-04-17,Meta Ads,Shopping,SaaS,India,30618,719,0.02348291854464694,1.27,913.13,40,22.82825,6289.61,6.887967759245671,0.055632823365785816,5376.48,0.8548192972219263
2024-12-12,Google Ads,Search,Healthcare,Canada,78606,3914,0.04979263669439992,1.23,4814.22,88,54.70704545454546,6101.96,1.2674867372076888,0.022483392948390392,1287.7399999999998,0.21103710938780323
2024-02-22,Google Ads,Display,SaaS,Germany,31885,1613,0.050588050807589775,1.01,1629.13,67,24.31537313432836,19023.45,11.677060762492864,0.041537507749535026,17394.32,0.9143620110968305
2024-08-18,TikTok Ads,Shopping,EdTech,Canada,11713,334,0.028515324852727737,1.46,487.64,13,37.51076923076923,2344.33,4.807501435485194,0.038922155688622756,1856.69,0.7919917417769683
2024-04-04,Meta Ads,Shopping,E-commerce,UK,26637,479,0.01798250553741037,0.83,397.57,35,11.359142857142857,1488.52,3.744045073823478,0.07306889352818371,1090.95,0.7329091983984092
2024-07-30,Google Ads,Display,EdTech,India,44387,1886,0.04248991821929844,2.81,5299.66,112,47.318392857142854,16115.2,3.0407988436994073,0.05938494167550371,10815.54,0.6711390488482923
2024-01-03,Meta Ads,Search,E-commerce,UK,91392,2705,0.029597776610644257,2.04,5518.2,87,63.42758620689655,12147.08,2.2012757783335144,0.03216266173752311,6628.88,0.5457179832519421
2024-09-24,TikTok Ads,Search,EdTech,UK,31727,2233,0.07038169382544836,0.46,1027.18,74,13.88081081081081,9946.57,9.683375844545258,0.033139274518584866,8919.39,0.8967302296168428
2024-08-23,Meta Ads,Shopping,SaaS,Germany,154676,1624,0.010499366417543768,1.69,2744.56,26,105.56,1813.36,0.6607106421430029,0.01600985221674877,-931.2,-0.5135218599726475
2024-08-14,Meta Ads,Shopping,E-commerce,UK,122710,5129,0.0417977344959661,1.02,5231.58,157,33.32216560509554,24344.87,4.653445039548282,0.030610255410411385,19113.29,0.7851054452128929
2024-12-22,TikTok Ads,Search,EdTech,Canada,194117,16422,0.0845984638130612,1.33,21841.26,1133,19.277369814651365,121361.12,5.55650727110066,0.06899281451711119,99519.86,0.8200308303021594
2024-02-03,TikTok Ads,Shopping,Healthcare,Australia,23043,1534,0.06657119298702426,1.36,2086.24,119,17.53142857142857,6284.67,3.012438645601657,0.07757496740547588,4198.43,0.6680430316945838
2024-02-23,Google Ads,Search,Fintech,USA,21198,703,0.033163505991131235,1.96,1377.88,28,49.21,6226.83,4.519138096205765,0.03982930298719772,4848.95,0.7787188665821935
2024-06-20,Meta Ads,Display,Healthcare,India,132208,3133,0.023697506958731695,1.57,4918.81,183,26.87874316939891,53669.78,10.911130944273106,0.05841046919885094,48750.97,0.9083504720906254
2024-02-16,Meta Ads,Shopping,Fintech,India,19040,784,0.041176470588235294,1.93,1513.12,39,38.797948717948714,5591.9,3.695609072644602,0.04974489795918367,4078.7799999999997,0.7294086088807025
2024-03-15,Google Ads,Display,Healthcare,India,157270,5535,0.03519425192344376,1.0,5535.0,356,15.547752808988765,86412.59,15.612030713640468,0.06431797651309847,80877.59,0.9359468336731951
2024-01-07,Google Ads,Video,E-commerce,UK,33433,1698,0.05078814345108127,2.93,4975.14,60,82.91900000000001,4216.81,0.8475761486108934,0.0353356890459364,-758.3299999999999,-0.17983499375120052
2024-03-27,Meta Ads,Video,Fintech,Germany,94786,2682,0.02829531787394763,1.5,4023.0,155,25.954838709677418,6510.51,1.6183221476510068,0.05779269202087994,2487.51,0.38207605855762455
2024-04-25,Meta Ads,Display,E-commerce,Australia,144895,2158,0.014893543600538321,1.92,4143.36,151,27.439470198675494,25541.81,6.16451623802904,0.06997219647822057,21398.45,0.8377812692209362
2024-12-10,Meta Ads,Display,Fintech,Germany,57996,1705,0.02939857921235947,2.04,3478.2,127,27.38740157480315,26935.06,7.743965269392215,0.07448680351906159,23456.86,0.8708671894549335
2024-09-02,Google Ads,Shopping,Healthcare,Canada,154631,4793,0.030996372008200167,3.14,15050.02,155,97.09690322580646,15403.3,1.0234737229585076,0.0323388274567077,353.27999999999884,0.022935345023468924
2024-02-28,Meta Ads,Video,SaaS,Germany,56209,1405,0.024995997082317777,2.39,3357.95,94,35.72287234042553,20195.05,6.014100865111154,0.06690391459074733,16837.1,0.8337241056595551
2024-07-06,TikTok Ads,Video,SaaS,Canada,187411,15667,0.08359701404933542,0.43,6736.81,996,6.76386546184739,51799.95,7.689091721452734,0.0635731154656284,45063.14,0.8699456273606442
2024-09-10,Google Ads,Video,Fintech,India,46583,2319,0.04978210935319752,2.76,6400.44,50,128.00879999999998,11413.39,1.7832195911531084,0.0215610176800345,5012.95,0.43921656931025754
2024-03-09,Meta Ads,Display,E-commerce,Canada,17438,371,0.021275375616469777,1.63,604.73,19,31.827894736842108,902.7,1.4927322937509302,0.05121293800539083,297.97,0.3300875152320816
2024-03-11,Google Ads,Video,SaaS,UAE,122784,6237,0.05079652071931196,2.69,16777.53,134,125.20544776119402,15407.61,0.9183479332178218,0.02148468815135482,-1369.9199999999983,-0.08891190781698123
2024-09-08,Meta Ads,Shopping,EdTech,Germany,151730,2063,0.01359652013444935,0.74,1526.62,32,47.706875,6146.93,4.026496443122716,0.015511391177896268,4620.31,0.7516451301706706
2024-08-20,Google Ads,Search,Fintech,India,83498,3531,0.042288438046420275,1.03,3636.93,234,15.542435897435897,36561.1,10.052736786245543,0.06627017841971113,32924.17,0.9005246012838782
2024-10-21,TikTok Ads,Shopping,Fintech,UK,194060,11721,0.060398845717819234,1.73,20277.33,504,40.23279761904762,76238.77,3.759803189078641,0.042999744049142564,55961.44,0.7340286313643307
2024-03-17,Google Ads,Shopping,E-commerce,Germany,30118,951,0.031575801846072116,3.28,3119.28,30,103.97600000000001,2408.76,0.7722166653843194,0.031545741324921134,-710.52,-0.29497334728241914
2024-03-05,Meta Ads,Search,Healthcare,USA,88904,1724,0.01939170341042023,1.0,1724.0,59,29.220338983050848,8894.16,5.159025522041763,0.034222737819025524,7170.16,0.8061649441880965
2024-12-18,Google Ads,Display,Healthcare,Australia,119911,4592,0.03829506884272502,2.83,12995.36,163,79.72613496932516,24856.01,1.9126834500929562,0.03549651567944251,11860.649999999998,0.4771743332900171
2024-05-22,Meta Ads,Search,EdTech,UK,184702,5134,0.027796125651048716,2.01,10319.34,70,147.41914285714287,16883.49,1.6361017274360572,0.013634592910011687,6564.1500000000015,0.38879106156369336
2024-04-11,Meta Ads,Video,Fintech,USA,5209,198,0.03801113457477443,0.7,138.6,3,46.199999999999996,490.6,3.53968253968254,0.015151515151515152,352.0,0.7174887892376681
2024-06-19,Meta Ads,Display,E-commerce,India,88717,816,0.009197786219101186,1.87,1525.92,46,33.17217391304348,4879.02,3.197428436615288,0.056372549019607844,3353.1000000000004,0.6872486687900439
2024-08-06,Google Ads,Shopping,E-commerce,India,146788,6003,0.040895713546066435,2.42,14527.26,476,30.519453781512606,104420.05,7.187869563840669,0.07929368649008829,89892.79000000001,0.8608767185995411
2024-01-30,Google Ads,Video,SaaS,Australia,89052,2591,0.029095360014373624,3.66,9483.06,190,49.91084210526316,12653.72,1.3343498828437235,0.07333076032419915,3170.66,0.25057137347752284
2024-10-29,Google Ads,Shopping,E-commerce,Germany,46971,2437,0.051883076792063186,2.04,4971.48,141,35.25872340425531,14817.7,2.9805410058976407,0.05785802215839146,9846.220000000001,0.6644904404867152
2024-09-26,Meta Ads,Shopping,E-commerce,UK,185419,7750,0.04179722682141528,1.38,10695.0,400,26.7375,13470.33,1.2594978962131838,0.05161290322580645,2775.33,0.20603281434085133
2024-06-27,Google Ads,Display,EdTech,UAE,36391,1684,0.046275177928608725,3.59,6045.56,18,335.8644444444445,4868.51,0.8053033962114345,0.010688836104513063,-1177.0500000000002,-0.24176801526545086
2024-04-03,Google Ads,Display,EdTech,India,169575,3730,0.021996166887807755,2.71,10108.3,284,35.59260563380281,8952.89,0.885696902545433,0.07613941018766757,-1155.4099999999999,-0.1290544170653275
2024-07-24,Google Ads,Video,E-commerce,UK,146656,5719,0.03899601789221034,1.75,10008.25,357,28.034313725490197,62250.35,6.219903579546874,0.06242350061199511,52242.1,0.8392258035496989
2024-05-25,Google Ads,Display,Fintech,Germany,116972,6269,0.05359402250111138,2.83,17741.27,83,213.75024096385542,8852.61,0.4989840073455846,0.013239751156484288,-8888.66,-1.0040722453604078
2024-11-17,Meta Ads,Search,SaaS,Canada,45664,516,0.011299929922915206,1.67,861.72,34,25.34470588235294,7132.56,8.277120178248156,0.06589147286821706,6270.84,0.87918503314378
2024-12-15,Meta Ads,Shopping,SaaS,UK,125759,2804,0.022296614953999316,1.75,4907.0,164,29.920731707317074,46752.65,9.52774607703281,0.05848787446504993,41845.65,0.8950433825676192
2024-03-24,Google Ads,Shopping,EdTech,UAE,26529,1106,0.0416902257906442,1.78,1968.68,78,25.23948717948718,2995.39,1.5215220350691834,0.0705244122965642,1026.7099999999998,0.3427633797268469
2024-12-13,TikTok Ads,Shopping,EdTech,India,114863,5766,0.05019893264149465,1.63,9398.58,89,105.60202247191012,22499.92,2.393970152937997,0.015435310440513354,13101.339999999998,0.5822838481203488
2024-10-24,Meta Ads,Display,Healthcare,USA,171353,5534,0.03229590377758195,1.86,10293.24,221,46.57574660633484,52725.19,5.12231231371269,0.0399349475966751,42431.950000000004,0.8047756679492288
2024-12-22,Meta Ads,Shopping,EdTech,UK,49522,1554,0.03137999273050361,1.71,2657.34,23,115.53652173913044,1909.73,0.7186622712938502,0.014800514800514801,-747.6100000000001,-0.3914741874505821
2024-05-03,Google Ads,Search,Healthcare,India,136135,7936,0.05829507474198406,1.36,10792.96,406,26.583645320197043,40442.85,3.7471509206000952,0.05115927419354839,29649.89,0.7331305780873504
2024-05-11,Meta Ads,Video,Healthcare,UK,172108,6109,0.035495154205498876,2.28,13928.52,435,32.019586206896555,13163.33,0.9450630792072667,0.0712064167621542,-765.1900000000005,-0.058130427483015355
2024-10-24,TikTok Ads,Video,EdTech,India,193151,12168,0.0629973440468856,1.13,13749.84,612,22.467058823529413,109401.0,7.956528948700494,0.05029585798816568,95651.16,0.8743170537746456
2024-06-21,TikTok Ads,Display,EdTech,Canada,102519,4285,0.04179713028804417,1.2,5142.0,137,37.53284671532847,26733.75,5.199095682613769,0.031971995332555424,21591.75,0.8076588581848787
2024-09-06,Google Ads,Shopping,Healthcare,Germany,36092,1050,0.02909231962761831,3.68,3864.0,34,113.6470588235294,1685.69,0.4362551759834369,0.03238095238095238,-2178.31,-1.2922364135754498
2024-09-01,TikTok Ads,Video,EdTech,Australia,6628,261,0.03937839468919734,1.28,334.08,11,30.37090909090909,2224.48,6.65852490421456,0.0421455938697318,1890.4,0.8498165863482702
2024-03-23,Meta Ads,Video,SaaS,UK,28593,694,0.024271674885461475,1.58,1096.52,7,156.6457142857143,2098.0,1.9133257943311568,0.010086455331412104,1001.48,0.47734985700667304
2024-06-03,Meta Ads,Search,EdTech,Germany,186845,4204,0.022499933099628035,1.81,7609.24,275,27.669963636363637,24004.25,3.154618595286783,0.06541389153187441,16395.010000000002,0.6830044679587991
2024-08-14,Meta Ads,Search,Fintech,USA,25930,609,0.02348630929425376,0.55,334.95,7,47.85,509.29,1.5204955963576654,0.011494252873563218,174.34000000000003,0.3423196999744743
2024-10-26,Google Ads,Display,Fintech,UAE,114914,3803,0.03309431400873697,2.69,10230.07,224,45.669955357142854,67007.76,6.550078347459988,0.0589008677359979,56777.689999999995,0.8473300704276638
2024-09-27,Google Ads,Display,EdTech,Australia,34652,866,0.02499134249105391,1.57,1359.62,43,31.619069767441857,2728.57,2.0068622115002723,0.049653579676674366,1368.9500000000003,0.5017096867589984
2024-02-21,Google Ads,Display,EdTech,India,136585,5668,0.04149796829812937,2.89,16380.52,120,136.50433333333334,20065.19,1.2249421874275053,0.02117148906139732,3684.6699999999983,0.18363494190685453
2024-11-23,Google Ads,Display,Healthcare,Canada,192822,6228,0.032299218968789865,3.35,20863.8,87,239.81379310344826,18207.05,0.8726622187712689,0.013969171483622351,-2656.75,-0.14591875125294873
2024-12-30,Google Ads,Search,Healthcare,UK,63738,1306,0.020490131475728764,0.93,1214.58,87,13.960689655172413,16951.52,13.956692848556704,0.0666156202143951,15736.94,0.928349788101598
2024-02-28,Google Ads,Search,Fintech,India,28267,1769,0.06258180917677858,2.59,4581.71,33,138.83969696969697,1968.12,0.4295601423922509,0.018654607122668174,-2613.59,-1.32796272585005
2024-04-04,Meta Ads,Display,Fintech,Australia,42606,1495,0.0350889546073323,0.77,1151.15,96,11.991145833333334,14890.27,12.935125743821395,0.06421404682274247,13739.12,0.9226911264872968
2024-01-22,TikTok Ads,Display,Healthcare,Canada,120409,8356,0.06939680588660316,0.96,8021.76,663,12.099185520361992,50787.7,6.331241523057284,0.07934418382000957,42765.939999999995,0.8420530955329735
2024-05-04,TikTok Ads,Display,EdTech,Germany,120210,6455,0.05369769569919308,1.78,11489.9,289,39.75743944636678,23286.47,2.0266903976535917,0.0447714949651433,11796.570000000002,0.5065847249497241
2024-08-07,Meta Ads,Search,Healthcare,UAE,96360,3247,0.03369655458696555,0.43,1396.21,211,6.617109004739337,50567.51,36.21769647832346,0.06498306128734216,49171.3,0.9723891882356873
2024-04-22,TikTok Ads,Shopping,EdTech,Canada,186006,9002,0.04839628829177554,1.52,13683.04,266,51.440000000000005,31194.26,2.2797755469544776,0.029548989113530325,17511.219999999998,0.5613603271883993
2024-10-14,Google Ads,Shopping,E-commerce,Germany,34036,2086,0.06128804794923023,3.45,7196.7,110,65.42454545454545,21503.08,2.9879083468812095,0.052732502396931925,14306.380000000001,0.6653177126253541
2024-02-10,TikTok Ads,Shopping,SaaS,USA,116709,6640,0.056893641450102395,1.97,13080.8,304,43.02894736842105,83458.18,6.380204574643752,0.04578313253012048,70377.37999999999,0.8432652137873123
2024-06-05,Meta Ads,Shopping,EdTech,UK,98276,2368,0.024095404778379258,1.41,3338.88,115,29.033739130434782,21637.86,6.480574324324325,0.048564189189189186,18298.98,0.8456926886485077
2024-09-19,Google Ads,Shopping,EdTech,UK,162353,3977,0.02449600561738927,1.45,5766.65,57,101.16929824561403,15175.48,2.631593732929864,0.014332411365350767,9408.83,0.6200021350230767
2024-12-05,Meta Ads,Search,SaaS,UK,129790,5697,0.04389398258725634,0.52,2962.44,223,13.284484304932736,58627.34,19.79022022386951,0.039143408811655254,55664.899999999994,0.9494699913043982
2024-12-18,Google Ads,Video,Healthcare,India,184982,4772,0.02579710458314863,3.08,14697.76,141,104.23943262411348,26098.46,1.7756760213801286,0.029547359597652974,11400.699999999999,0.4368342040105048
2024-08-16,Google Ads,Search,Fintech,UK,166673,4733,0.028396920917005155,0.84,3975.72,336,11.8325,98987.51,24.898008411055105,0.07099091485315867,95011.79,0.9598361449843521
2024-06-05,Google Ads,Video,EdTech,UAE,109148,3951,0.0361985560889801,1.79,7072.29,249,28.40277108433735,56329.34,7.9647949956803235,0.0630220197418375,49257.049999999996,0.874447490419735
2024-12-26,Google Ads,Video,EdTech,USA,173700,7208,0.041496833621185954,2.29,16506.32,178,92.73213483146067,32171.36,1.9490328552942147,0.024694783573806882,15665.04,0.4869250165364473
2024-04-27,Meta Ads,Video,EdTech,UAE,173001,3477,0.02009814972167791,0.95,3303.15,51,64.76764705882353,11186.61,3.3866491076699514,0.014667817083692839,7883.460000000001,0.7047228785127935
2024-01-29,Meta Ads,Search,Fintech,UK,56534,1079,0.01908585983655853,0.6,647.4,27,23.977777777777778,4508.39,6.963839975285759,0.025023169601482854,3860.9900000000002,0.8564010655688616
2024-12-15,Google Ads,Search,Healthcare,Australia,58520,3604,0.061585782638414216,1.48,5333.92,265,20.128,78186.23,14.658305711371748,0.07352941176470588,72852.31,0.9317792915709071
2024-09-10,Google Ads,Video,Healthcare,Canada,111071,2865,0.0257943117465405,2.83,8107.95,39,207.89615384615385,8971.28,1.1064794430158056,0.013612565445026177,863.3300000000008,0.0962326446170447
2024-04-08,Google Ads,Shopping,SaaS,India,153750,4920,0.032,2.98,14661.6,117,125.31282051282052,30000.6,2.0462023244393515,0.02378048780487805,15338.999999999998,0.5112897742045158
2024-05-02,Meta Ads,Display,SaaS,USA,108717,1435,0.013199407636340223,1.75,2511.25,108,23.252314814814813,22074.54,8.790259830761574,0.07526132404181185,19563.29,0.8862377200159097
2024-06-13,Google Ads,Shopping,E-commerce,India,141455,2673,0.0188964688416811,2.82,7537.86,122,61.78573770491803,19810.32,2.6281093042322357,0.04564160119715675,12272.46,0.61949832208667
2024-12-04,Meta Ads,Search,Healthcare,USA,158742,5778,0.03639868465812451,2.17,12538.26,388,32.3151030927835,68610.11,5.472059918999925,0.06715126341294565,56071.85,0.8172534630829188
2024-04-26,Meta Ads,Search,E-commerce,Germany,26845,528,0.019668467126094245,2.08,1098.24,11,99.84,1590.52,1.4482444638694638,0.020833333333333332,492.28,0.3095088398762669
2024-10-05,Google Ads,Video,Fintech,USA,92332,5336,0.057791448251960316,0.94,5015.84,213,23.548544600938968,39347.29,7.844606287281891,0.03991754122938531,34331.45,0.8725238764855215
2024-09-05,Google Ads,Search,E-commerce,India,90953,4365,0.04799181995096369,3.04,13269.6,73,181.77534246575343,19836.75,1.4949018809911376,0.01672394043528064,6567.15,0.33105977541683995
2024-09-26,Meta Ads,Shopping,SaaS,Canada,15047,368,0.024456702332690903,1.06,390.08,27,14.447407407407407,6244.19,16.007460008203445,0.07336956521739131,5854.11,0.9375291270765304
2024-04-12,Google Ads,Search,Healthcare,UAE,57632,1256,0.02179344808439756,1.75,2198.0,20,109.9,1647.61,0.7495950864422202,0.01592356687898089,-550.3900000000001,-0.33405356850225487
2024-10-28,TikTok Ads,Shopping,EdTech,UAE,193568,12659,0.06539820631509341,1.24,15697.16,366,42.88841530054645,17585.84,1.120319854037291,0.02891223635358243,1888.6800000000003,0.10739777002406484
2024-05-21,Google Ads,Video,SaaS,Germany,30343,743,0.024486702040009228,3.05,2266.15,39,58.10641025641026,7450.31,3.2876508615934514,0.052489905787348586,5184.16,0.6958314486242854
2024-08-23,Meta Ads,Display,SaaS,Germany,6903,225,0.03259452411994785,1.92,432.0,7,61.714285714285715,513.46,1.188564814814815,0.03111111111111111,81.46000000000004,0.15864916449187869
2024-02-18,TikTok Ads,Display,SaaS,USA,194291,9248,0.04759870503523066,1.08,9987.84,669,14.929506726457399,34771.85,3.4814184047802126,0.07233996539792388,24784.01,0.7127607533105084
2024-08-09,Meta Ads,Shopping,Healthcare,India,25704,616,0.023965141612200435,1.0,616.0,18,34.22222222222222,2381.36,3.865844155844156,0.02922077922077922,1765.3600000000001,0.7413242852823597
2024-05-31,Google Ads,Display,Healthcare,Germany,18696,327,0.017490372272143773,2.61,853.47,8,106.68375,1284.99,1.5056065239551477,0.024464831804281346,431.52,0.3358158429248477
2024-02-16,Meta Ads,Video,EdTech,UK,165408,1670,0.010096246856258463,1.3,2171.0,80,27.1375,9561.0,4.403961308152925,0.04790419161676647,7390.0,0.7729317017048426
2024-04-14,Google Ads,Search,E-commerce,Australia,191372,11711,0.06119495014944715,2.48,29043.28,335,86.69635820895522,75028.42,2.5833314969934524,0.02860558449321151,45985.14,0.6129029506419035
2024-09-06,Meta Ads,Display,EdTech,USA,71247,1888,0.026499361376619367,0.47,887.36,57,15.567719298245613,9045.86,10.194126397403535,0.030190677966101694,8158.500000000001,0.9019042965511295
2024-04-11,TikTok Ads,Search,Fintech,UAE,132294,7527,0.056896004353938955,0.9,6774.3,262,25.85610687022901,50030.33,7.385313611738482,0.03480802444533015,43256.03,0.864596135983912
2024-12-29,TikTok Ads,Display,E-commerce,Germany,66086,3317,0.050192173834094966,0.33,1094.61,206,5.313640776699029,51119.73,46.701318277742764,0.0621043111245101,50025.12,0.9785873282194566
2024-12-23,Google Ads,Search,Healthcare,UK,186232,9292,0.049894754929335455,2.4,22300.8,265,84.15396226415093,67766.02,3.0387259649878033,0.028519156263452434,45465.22,0.6709147150740149
2024-11-01,TikTok Ads,Shopping,Healthcare,India,145225,5562,0.03829919091065588,0.84,4672.08,378,12.36,102053.93,21.8433609869694,0.06796116504854369,97381.84999999999,0.9542194994352495
2024-05-27,Google Ads,Search,SaaS,Germany,15470,529,0.03419521654815773,1.2,634.8,5,126.96,1223.76,1.927788279773157,0.00945179584120983,588.96,0.4812708374191018
2024-04-05,Google Ads,Display,Healthcare,Australia,91814,2607,0.028394362515520508,2.48,6465.36,129,50.11906976744186,25405.84,3.9295321528886253,0.04948216340621404,18940.48,0.7455167788193581
2024-03-24,Google Ads,Display,EdTech,Australia,96087,3238,0.03369862728568901,3.04,9843.52,45,218.7448888888889,7783.0,0.7906724423783361,0.013897467572575664,-2060.5200000000004,-0.2647462418090711
2024-03-12,Google Ads,Shopping,Fintech,Germany,92943,5037,0.054194506310319225,2.26,11383.62,232,49.0673275862069,64994.16,5.709445677209886,0.04605916219972206,53610.54,0.8248516482096238
2024-04-10,Meta Ads,Display,SaaS,India,36411,873,0.023976270907143445,2.03,1772.19,47,37.70617021276596,13565.96,7.654912847945197,0.053837342497136315,11793.769999999999,0.869364939893675
2024-08-17,Meta Ads,Video,EdTech,USA,145170,4688,0.03229317352069987,1.75,8204.0,106,77.39622641509433,30413.14,3.7071111652852267,0.022610921501706484,22209.14,0.7302481756240888
2024-03-25,Google Ads,Video,E-commerce,Germany,146428,2796,0.019094708662277707,2.24,6263.04,164,38.189268292682925,33829.22,5.401405707132639,0.058655221745350504,27566.18,0.8148630089608924
2024-08-28,Google Ads,Search,Fintech,Germany,151772,6237,0.04109453654165459,1.02,6361.74,302,21.065364238410595,77929.21,12.249669115682188,0.04842071508738175,71567.47,0.9183651419025035
2024-01-19,TikTok Ads,Search,E-commerce,USA,179561,8600,0.047894587354715114,1.44,12384.0,212,58.41509433962264,34386.07,2.776652939276486,0.024651162790697675,22002.07,0.6398541618742706
2024-09-11,Google Ads,Search,EdTech,UAE,100381,5691,0.05669399587571353,0.83,4723.53,321,14.715046728971961,58283.85,12.33904516325714,0.05640484976278334,53560.32,0.9189564519159252
2024-12-23,TikTok Ads,Display,E-commerce,India,180552,6030,0.03339758075235943,1.7,10251.0,383,26.765013054830288,23539.41,2.29630377524144,0.06351575456053069,13288.41,0.5645175473811791
2024-07-03,TikTok Ads,Display,EdTech,USA,163328,4981,0.030496914184952977,1.21,6027.01,142,42.4437323943662,21158.33,3.5105848505311923,0.028508331660309173,15131.320000000002,0.7151471784398863
2024-06-03,TikTok Ads,Display,EdTech,USA,93635,4363,0.0465958242110322,1.36,5933.68,117,50.715213675213676,29999.39,5.055781572312629,0.02681641072656429,24065.71,0.8022066448684456
2024-12-29,Google Ads,Display,SaaS,UAE,133526,4633,0.034697362311459944,3.07,14223.31,340,41.83326470588235,62193.85,4.372670637144237,0.07338657457371034,47970.54,0.7713068092745505
2024-02-06,TikTok Ads,Video,E-commerce,Canada,48475,3160,0.06518824136152657,0.76,2401.6,124,19.36774193548387,19990.89,8.3239881745503,0.039240506329113925,17589.29,0.8798652786344181
2024-11-13,TikTok Ads,Video,Fintech,India,195722,12624,0.06449964745915125,2.01,25374.24,755,33.608264900662256,129016.77,5.08455701530371,0.05980671736375159,103642.53,0.8033260327320239
2024-05-04,Google Ads,Search,Healthcare,UK,106277,6961,0.06549864975488581,2.96,20604.56,180,114.46977777777778,42397.44,2.057672670515653,0.0258583536848154,21792.88,0.5140140536787127
2024-01-22,Google Ads,Shopping,Fintech,Australia,153953,5095,0.03309451585873611,2.86,14571.7,110,132.47,30634.7,2.102342211272535,0.021589793915603533,16063.0,0.5243400457650964
2024-09-07,Meta Ads,Video,Healthcare,Germany,142135,2387,0.016793893129770993,1.92,4583.04,98,46.76571428571429,25385.35,5.538976312665828,0.04105571847507331,20802.309999999998,0.8194612246827402
2024-11-25,Google Ads,Shopping,EdTech,Canada,107891,3733,0.03459973491764837,2.31,8623.23,148,58.26506756756756,15202.91,1.7630180338457864,0.03964639699973212,6579.68,0.43279082754551595
2024-03-20,TikTok Ads,Video,SaaS,USA,191380,8171,0.042695161458877626,0.5,4085.5,572,7.1424825174825175,155778.92,38.12970750214173,0.07000367152123363,151693.42,0.9737737301041759
2024-08-11,Meta Ads,Search,Healthcare,UK,123372,3355,0.027194176960736633,2.3,7716.5,224,34.448660714285715,57352.38,7.4324343938314,0.06676602086438152,49635.88,0.8654545809607204
2024-12-24,Google Ads,Search,E-commerce,UAE,104464,4314,0.041296523204166026,2.26,9749.64,82,118.8980487804878,10226.11,1.0488705223987758,0.019007881316643487,476.47000000000116,0.046593474938173084
2024-06-03,Google Ads,Video,SaaS,UK,113502,2235,0.01969128297298726,1.21,2704.35,34,79.53970588235293,6126.9,2.2655721337844583,0.015212527964205816,3422.5499999999997,0.5586103902462909
2024-09-09,Google Ads,Shopping,Healthcare,Australia,95196,3170,0.0332997184755662,1.05,3328.5,170,19.57941176470588,13047.52,3.919939912873667,0.05362776025236593,9719.02,0.7448940488307356
2024-01-27,Google Ads,Display,Healthcare,UK,86362,2547,0.029492137745767814,1.41,3591.27,164,21.89798780487805,33307.3,9.274518485104156,0.06438947781703966,29716.030000000002,0.8921776907764964
2024-06-28,Google Ads,Search,E-commerce,USA,78532,4735,0.06029389293536393,2.82,13352.7,310,43.07322580645162,45765.16,3.4274086888794026,0.06546990496304118,32412.460000000003,0.708234386157505
2024-03-19,Google Ads,Shopping,Healthcare,Canada,184081,5135,0.02789532868682808,2.18,11194.3,96,116.60729166666665,24545.05,2.192638217664347,0.0186952288218111,13350.75,0.5439284091904478
2024-01-28,Meta Ads,Display,Healthcare,Canada,93966,2104,0.022391077623821382,0.97,2040.88,157,12.99923566878981,6975.9,3.4180843557680998,0.07461977186311787,4935.0199999999995,0.7074384667211399
2024-07-23,Google Ads,Video,SaaS,UAE,28667,1338,0.046673875885164126,2.9,3880.2,24,161.67499999999998,3421.56,0.8817999072212773,0.017937219730941704,-458.6399999999999,-0.13404412022586185
2024-01-21,Google Ads,Display,Healthcare,Australia,154239,7465,0.04839891337469771,3.2,23888.0,484,49.35537190082645,25632.04,1.073009042196919,0.06483590087073007,1744.0400000000009,0.0680414044297684
2024-04-05,Meta Ads,Video,Fintech,UAE,103576,1263,0.012193944543137407,0.47,593.61,22,26.98227272727273,5190.25,8.74353531780125,0.01741884402216944,4596.64,0.8856297866191417
2024-09-25,TikTok Ads,Video,EdTech,India,111154,5124,0.046098206092448316,0.89,4560.36,368,12.392282608695652,82164.4,18.01708637037427,0.07181889149102264,77604.04,0.9444971301439553
2024-10-28,Google Ads,Search,E-commerce,USA,104456,6403,0.061298537183120165,2.11,13510.33,440,30.705295454545453,111130.68,8.22560810875826,0.06871778853662346,97620.34999999999,0.8784284411829388
2024-10-12,Meta Ads,Display,SaaS,UAE,173307,3292,0.018995193500551046,1.03,3390.76,74,45.82108108108108,21574.44,6.362715143507649,0.022478736330498177,18183.68,0.8428343910664657
2024-03-10,Google Ads,Display,Fintech,Australia,197459,5667,0.02869962878369687,3.56,20174.52,105,192.13828571428573,17723.39,0.8785036769152376,0.018528321863419798,-2451.130000000001,-0.13829916285767008
2024-09-01,TikTok Ads,Video,EdTech,UK,154676,5970,0.03859680881326127,1.09,6507.3,107,60.81588785046729,14099.39,2.1667035483226527,0.01792294807370184,7592.089999999999,0.5384693947752349
2024-04-24,Meta Ads,Video,Fintech,India,138528,3698,0.026694964194964196,2.27,8394.46,264,31.797196969696966,34788.99,4.144279679693512,0.0713899405083829,26394.53,0.7587035438510862
2024-08-01,Google Ads,Display,SaaS,Canada,188490,6879,0.03649530479070508,2.84,19536.36,279,70.02279569892474,18268.77,0.935116367634503,0.040558220671609246,-1267.5900000000001,-0.06938562366267681
2024-09-21,TikTok Ads,Display,SaaS,USA,155929,6408,0.041095626855812584,0.97,6215.76,481,12.922577962577963,51123.92,8.224886417751007,0.07506242197253434,44908.159999999996,0.8784177739109207
2024-05-31,Google Ads,Display,EdTech,Canada,177220,4607,0.0259959372531317,2.32,10688.24,114,93.75649122807017,9297.03,0.8698373165273235,0.02474495333188626,-1391.2099999999991,-0.14964026145984244
2024-10-10,Meta Ads,Video,E-commerce,Canada,188552,6373,0.03379969451398023,0.65,4142.45,129,32.112015503875966,8973.49,2.1662277154823837,0.02024164443747058,4831.04,0.5383680151200927
2024-09-15,Google Ads,Video,E-commerce,Canada,136460,4462,0.03269822658654551,0.88,3926.56,322,12.194285714285714,59937.98,15.264755918666722,0.07216494845360824,56011.420000000006,0.9344896174345549
2024-10-07,TikTok Ads,Display,Healthcare,Canada,124614,4573,0.03669732132826167,0.29,1326.17,240,5.525708333333333,46988.2,35.43150576472096,0.052481959326481524,45662.03,0.971776531129092
2024-04-15,Meta Ads,Video,SaaS,India,28359,612,0.021580450650587116,0.75,459.0,30,15.3,6591.07,14.359629629629628,0.049019607843137254,6132.07,0.9303603208583735
2024-06-28,Meta Ads,Search,E-commerce,USA,81759,1316,0.01609608728091097,0.9,1184.4,46,25.747826086956525,6171.89,5.2109844647078685,0.034954407294832825,4987.49,0.8080976815853814
2024-04-05,Meta Ads,Video,E-commerce,Germany,131230,2139,0.016299626609769108,2.23,4769.97,105,45.428285714285714,24738.73,5.186349180393168,0.04908835904628331,19968.76,0.8071861409215428
2024-06-01,TikTok Ads,Search,E-commerce,Canada,49659,2413,0.04859139330232184,1.45,3498.85,191,18.318586387434554,38157.72,10.90578904497192,0.07915457936179031,34658.87,0.9083055801027945
2024-02-07,TikTok Ads,Display,Fintech,Germany,103029,6830,0.06629201486959982,0.52,3551.6,148,23.997297297297298,14545.74,4.095545669557382,0.021669106881405564,10994.14,0.7558322917912735
2024-06-01,TikTok Ads,Shopping,Healthcare,Canada,52368,3351,0.06398945921173235,0.61,2044.11,117,17.47102564102564,12829.28,6.276218011750836,0.03491495076096687,10785.17,0.840668377336842
2024-06-15,TikTok Ads,Video,EdTech,Canada,144585,8357,0.05779991008749179,0.52,4345.64,412,10.547669902912622,78373.31,18.03492926243315,0.049299988033983486,74027.67,0.9445520420153238
2024-03-22,TikTok Ads,Shopping,Fintech,UK,40308,3853,0.09558896496973306,1.09,4199.77,291,14.432199312714777,33059.93,7.871842981877578,0.07552556449519855,28860.16,0.8729649457817968
2024-08-08,TikTok Ads,Search,E-commerce,Germany,43635,2469,0.05658301821931935,1.21,2987.49,133,22.462330827067667,19667.27,6.583208646723504,0.05386796273795059,16679.78,0.848098388846037
2024-08-08,Meta Ads,Search,EdTech,India,164074,6152,0.03749527652156954,0.95,5844.4,360,16.234444444444442,47241.24,8.083163370063652,0.05851755526657997,41396.84,0.8762860585369902
2024-08-13,Meta Ads,Shopping,Healthcare,Canada,107300,2693,0.02509785647716682,0.57,1535.01,153,10.032745098039216,18121.16,11.805239053817239,0.05681396212402525,16586.15,0.9152918466588232
2024-11-04,Meta Ads,Display,EdTech,India,177443,4400,0.02479669527679311,2.17,9548.0,231,41.333333333333336,43094.26,4.513433179723503,0.0525,33546.26,0.778439170321059
2024-04-20,TikTok Ads,Shopping,EdTech,UAE,141268,7402,0.05239686270068239,1.24,9178.48,335,27.398447761194028,31326.97,3.4130890953621953,0.045258038368008645,22148.49,0.7070102853866812
2024-05-26,TikTok Ads,Display,EdTech,Germany,145631,4194,0.02879881343944627,0.84,3522.96,59,59.71118644067797,15427.34,4.379084633376479,0.014067715784453982,11904.380000000001,0.7716417736304509
2024-11-22,TikTok Ads,Search,EdTech,Canada,191041,7393,0.03869849927502473,0.53,3918.29,446,8.785403587443946,15789.02,4.029569021180158,0.060327336669822804,11870.73,0.7518345027113779
2024-11-13,TikTok Ads,Video,Healthcare,UK,72145,3058,0.042386859796243674,0.77,2354.66,78,30.187948717948718,7543.67,3.203719432954227,0.025506867233485938,5189.01,0.6878628041788679
2024-03-04,Meta Ads,Video,SaaS,UAE,113447,1826,0.016095621744074324,1.73,3158.98,24,131.62416666666667,4477.79,1.4174796928122368,0.013143483023001095,1318.81,0.29452252115440875
2024-12-12,TikTok Ads,Search,Healthcare,India,195512,8328,0.042595850894062766,1.63,13574.64,198,68.55878787878788,14486.58,1.0671796821131168,0.02377521613832853,911.9400000000005,0.06295067572884701
2024-06-19,Meta Ads,Search,SaaS,USA,149446,6456,0.043199550339252976,2.19,14138.64,397,35.613702770780854,118768.88,8.400304414003045,0.061493184634448576,104630.24,0.8809566950534518
2024-09-03,TikTok Ads,Video,SaaS,Germany,154307,9212,0.05969917113287149,1.3,11975.6,700,17.108,61706.24,5.152663749624236,0.07598784194528875,49730.64,0.8059256243776967
2024-11-26,Meta Ads,Display,Healthcare,India,149675,3143,0.02099883080006681,1.55,4871.65,147,33.140476190476186,33184.47,6.811751665246888,0.0467706013363029,28312.82,0.8531948830281152
2024-04-05,TikTok Ads,Shopping,Healthcare,UAE,184065,6350,0.03449868253062777,1.34,8509.0,273,31.168498168498168,39093.51,4.5943718415795045,0.04299212598425197,30584.510000000002,0.7823423888005964
2024-10-04,TikTok Ads,Search,EdTech,Germany,64484,2966,0.04599590596116866,1.25,3707.5,227,16.33259911894273,27232.61,7.345275792312879,0.076534052596089,23525.11,0.8638580730969232
2024-07-28,Meta Ads,Video,EdTech,UAE,148088,4561,0.030799254497325915,1.36,6202.96,173,35.85526011560694,48056.97,7.74742542270142,0.03793027844770883,41854.01,0.8709248627202256
2024-09-09,Google Ads,Display,SaaS,India,28068,990,0.03527148353997435,1.01,999.9,28,35.71071428571428,5661.1,5.661666166616662,0.028282828282828285,4661.200000000001,0.8233735493102048
2024-03-23,TikTok Ads,Search,Healthcare,USA,131385,6910,0.05259352285268486,0.34,2349.4,206,11.404854368932039,6729.96,2.864544138929088,0.029811866859623733,4380.5599999999995,0.6509043144387188
2024-05-16,TikTok Ads,Search,EdTech,UAE,77882,3029,0.038892170206209394,0.47,1423.63,228,6.2439912280701755,44433.62,31.211494559681938,0.07527236711786069,43009.990000000005,0.9679605217850809
2024-09-10,TikTok Ads,Shopping,Healthcare,UAE,90066,6025,0.06689538782670486,1.77,10664.25,417,25.573741007194243,40275.46,3.776680029069086,0.06921161825726141,29611.21,0.735217176911201
2024-07-25,Meta Ads,Shopping,E-commerce,India,186775,2409,0.012897871770847277,0.69,1662.21,107,15.534672897196263,10079.71,6.064041246292586,0.044416770444167704,8417.5,0.8350934699510205
2024-04-15,Google Ads,Video,Fintech,India,57328,2161,0.03769536701088473,1.53,3306.33,99,33.39727272727273,17903.97,5.415058388001198,0.045812124016658955,14597.640000000001,0.8153297843997728
2024-02-22,Google Ads,Video,SaaS,India,87570,3415,0.03899737352974763,2.57,8776.55,236,37.188771186440675,46705.85,5.321663979581954,0.06910688140556369,37929.3,0.8120888496837121
2024-06-18,Meta Ads,Video,SaaS,UAE,54864,1876,0.034193642461358996,1.52,2851.52,121,23.566280991735535,23640.39,8.290452109751993,0.06449893390191898,20788.87,0.8793793165002777
2024-11-04,Google Ads,Display,SaaS,Australia,91861,2535,0.02759604184583229,1.24,3143.4,137,22.944525547445256,8299.82,2.64039574982503,0.05404339250493097,5156.42,0.6212688949880841
2024-06-04,Meta Ads,Search,E-commerce,Australia,16920,389,0.022990543735224585,1.23,478.47,15,31.898000000000003,3222.58,6.735176709093569,0.038560411311053984,2744.1099999999997,0.8515257961012604
2024-08-16,Meta Ads,Shopping,Healthcare,India,117421,3428,0.02919409645634086,0.61,2091.08,99,21.122020202020202,25079.21,11.993424450523175,0.028879813302217037,22988.129999999997,0.91662097809301
2024-06-29,Google Ads,Display,EdTech,UK,146332,7184,0.04909384140174398,2.8,20115.2,366,54.95956284153006,40775.67,2.0271073615972,0.05094654788418708,20660.469999999998,0.5066862175409993
2024-01-11,Meta Ads,Shopping,SaaS,USA,144993,2783,0.019194030056623422,1.47,4091.01,120,34.091750000000005,10562.14,2.5817927602230255,0.04311893639956881,6471.129999999999,0.612672242556906
2024-07-28,Google Ads,Display,Fintech,Canada,35702,999,0.027981625679233655,1.58,1578.42,15,105.22800000000001,2820.45,1.786881818527388,0.015015015015015015,1242.0299999999997,0.4403658990586608
2024-09-01,Google Ads,Shopping,Healthcare,Germany,184976,6270,0.03389628924833492,2.66,16678.2,412,40.48106796116505,40433.91,2.4243569449940643,0.0657097288676236,23755.710000000003,0.5875194855011548
2024-06-10,Google Ads,Search,E-commerce,UAE,119235,5258,0.04409779007841657,1.1,5783.8,141,41.01985815602837,24150.02,4.175459040769044,0.026816279954355267,18366.22,0.7605053743226714
2024-08-14,Google Ads,Shopping,EdTech,India,127211,3968,0.031192271108630543,2.63,10435.84,194,53.79298969072165,37337.18,3.577783867901386,0.04889112903225806,26901.34,0.7204973701816795
2024-12-16,TikTok Ads,Video,Fintech,USA,27584,1561,0.05659077726218097,0.94,1467.34,93,15.777849462365591,19425.98,13.238908501097225,0.05957719410634209,17958.64,0.9244650720324019
2024-05-25,Google Ads,Shopping,SaaS,Germany,194928,9161,0.04699683985881967,1.88,17222.68,571,30.16231173380035,17839.23,1.0357987258661254,0.06232944001746534,616.5499999999993,0.034561469301085265
2024-10-26,Google Ads,Search,E-commerce,Australia,90349,5420,0.05998959590034201,3.02,16368.4,105,155.8895238095238,16913.07,1.0332757019623175,0.01937269372693727,544.6700000000001,0.03220408831749647
2024-07-08,TikTok Ads,Video,EdTech,Germany,170011,10149,0.05969613730876237,0.55,5581.95,110,50.745,29617.76,5.305988050770788,0.010838506256774067,24035.809999999998,0.8115336878953708
2024-08-06,Google Ads,Display,Healthcare,USA,54158,3374,0.06229919864101333,0.81,2732.94,55,49.68981818181818,5839.17,2.1365891677094995,0.016301126259632485,3106.23,0.5319643031458238
2024-01-02,Meta Ads,Display,SaaS,UK,143485,3945,0.027494163152942817,0.71,2800.95,187,14.978342245989303,30765.32,10.983887609561043,0.047401774397972114,27964.37,0.9089575535050505
2024-02-18,Google Ads,Video,Fintech,Canada,165470,4136,0.024995467456336497,0.82,3391.52,56,60.56285714285714,12113.24,3.5716257017502477,0.013539651837524178,8721.72,0.7200154541642038
2024-05-11,Meta Ads,Search,EdTech,USA,112596,2668,0.023695335535898254,1.2,3201.6,39,82.09230769230768,10899.61,3.4044259120439784,0.01461769115442279,7698.01,0.7062647195633605
2024-07-03,Google Ads,Video,EdTech,Canada,82604,5146,0.06229722531596533,2.88,14820.48,75,197.6064,11977.45,0.8081688312389343,0.014574426739214923,-2843.029999999999,-0.23736521546739905
2024-06-25,Google Ads,Display,Healthcare,UAE,162454,4337,0.026696788013837763,1.57,6809.09,329,20.696322188449848,13568.06,1.992639251353705,0.07585888863269541,6758.969999999999,0.4981530152431519
2024-10-20,TikTok Ads,Shopping,E-commerce,UK,143667,6852,0.04769362484077763,1.13,7742.76,142,54.52647887323944,19589.64,2.530059048711312,0.02072387624051372,11846.88,0.604752307852518
2024-02-16,Google Ads,Video,Healthcare,Australia,83702,3900,0.04659386872476166,2.18,8502.0,60,141.7,11812.78,1.3894119030816279,0.015384615384615385,3310.7800000000007,0.2802710284962558
2024-02-12,TikTok Ads,Video,Fintech,USA,41497,3299,0.07949972287153288,0.65,2144.35,112,19.145982142857143,6822.75,3.1817333924032924,0.033949681721733856,4678.4,0.6857059103733831
2024-05-26,Google Ads,Search,Fintech,UAE,88442,2485,0.028097510232694873,2.89,7181.65,69,104.08188405797101,12989.18,1.8086623547513456,0.027766599597585512,5807.530000000001,0.44710520602532267
2024-02-23,Google Ads,Shopping,SaaS,UAE,143723,4254,0.029598602868016948,1.14,4849.56,281,17.258220640569398,41783.61,8.615958973597603,0.06605547719793135,36934.05,0.8839363089977147
2024-10-15,Meta Ads,Search,SaaS,UK,30392,1325,0.0435969992103185,1.31,1735.75,101,17.185643564356436,3539.63,2.039251044217197,0.07622641509433963,1803.88,0.5096238872424519
2024-05-10,Google Ads,Video,E-commerce,India,94412,4786,0.05069270855399737,1.29,6173.94,343,17.999825072886296,93767.6,15.18764354690846,0.07166736314249895,87593.66,0.9341570009256929
2024-05-21,Google Ads,Video,EdTech,UK,56305,1644,0.029198117396323595,1.65,2712.6,126,21.52857142857143,24269.48,8.94694389146944,0.07664233576642336,21556.88,0.8882299909186353
2024-09-29,TikTok Ads,Display,SaaS,Germany,142456,9943,0.06979698994777335,0.91,9048.13,266,34.01552631578947,72736.17,8.038806913693769,0.02675248918837373,63688.04,0.8756034308652766
2024-12-26,Meta Ads,Display,EdTech,Australia,27169,546,0.020096433435165078,1.08,589.68,15,39.312,1578.78,2.6773504273504276,0.027472527472527472,989.1,0.6264964086193137
2024-09-15,Google Ads,Video,SaaS,Germany,127179,5125,0.040297533397809386,2.22,11377.5,87,130.77586206896552,5905.23,0.519027027027027,0.016975609756097562,-5472.27,-0.9266819412622371
2024-07-18,Google Ads,Shopping,Fintech,USA,20797,846,0.040678944078472855,1.08,913.68,56,16.315714285714286,11660.97,12.762641187286578,0.06619385342789598,10747.289999999999,0.9216463124422754
2024-08-13,Meta Ads,Shopping,E-commerce,USA,188201,5627,0.02989888470305684,1.88,10578.76,77,137.3864935064935,14242.93,1.3463704630788487,0.01368402345832593,3664.17,0.2572623750871485
2024-06-03,TikTok Ads,Shopping,E-commerce,Canada,77726,2557,0.03289761469778452,0.49,1252.93,37,33.862972972972976,2932.31,2.340362191024239,0.014470082127493155,1679.3799999999999,0.5727157087756751
2024-03-10,Meta Ads,Search,EdTech,Australia,23123,286,0.012368637287549193,1.21,346.06,3,115.35333333333334,585.7,1.692481072646362,0.01048951048951049,239.64000000000004,0.4091514427181151
2024-04-06,Google Ads,Search,SaaS,Canada,86689,3727,0.042992767248439825,1.16,4323.32,276,15.664202898550723,76876.24,17.78176031383289,0.07405419908773812,72552.92000000001,0.9437625981707743
2024-05-17,Google Ads,Search,Healthcare,USA,159251,9172,0.05759461479048797,2.84,26048.48,407,64.00117936117935,30602.6,1.1748324662321947,0.04437418229393807,4554.119999999999,0.14881480658506138
2024-01-13,Meta Ads,Display,E-commerce,UK,70180,736,0.01048731832430892,1.4,1030.4,45,22.89777777777778,2168.72,2.10473602484472,0.06114130434782609,1138.3199999999997,0.5248810358183629
2024-09-16,Google Ads,Video,Fintech,Canada,83466,4089,0.0489900079074114,2.26,9241.14,108,85.56611111111111,12521.2,1.3549410570557314,0.02641232575201761,3280.0600000000013,0.2619605149666167
2024-11-13,Meta Ads,Display,SaaS,India,137602,2641,0.019193034984956614,0.59,1558.19,179,8.704972067039106,52473.54,33.67595736078398,0.06777735706171904,50915.35,0.9703052243092423
2024-09-03,TikTok Ads,Video,SaaS,UAE,64222,2067,0.03218523247485285,1.89,3906.63,68,57.45044117647059,14851.97,3.801734487269078,0.03289791969037252,10945.34,0.7369621673084447
2024-07-08,TikTok Ads,Shopping,Healthcare,India,116739,4319,0.03699706182167056,0.34,1468.46,306,4.798888888888889,46873.98,31.920501750132793,0.0708497337346608,45405.520000000004,0.9686721716397882
2024-12-30,Meta Ads,Shopping,Healthcare,USA,50869,890,0.01749592089484755,1.08,961.2,61,15.757377049180329,16803.54,17.48183520599251,0.06853932584269663,15842.34,0.9427977676132528
2024-12-02,Meta Ads,Search,EdTech,Germany,127155,3089,0.0242931854822854,1.25,3861.25,95,40.64473684210526,23894.64,6.188317254775008,0.030754289414049854,20033.39,0.8384051820826762
2024-03-26,Google Ads,Video,EdTech,Germany,162883,8974,0.055094761270359706,2.38,21358.12,292,73.14424657534246,80812.08,3.783670098304533,0.03253844439491865,59453.96000000001,0.7357063448929914
2024-01-17,TikTok Ads,Search,SaaS,Canada,115716,7394,0.06389781879774621,1.16,8577.04,242,35.44231404958678,49142.56,5.7295477227575,0.032729239924262916,40565.52,0.8254661539813961
2024-06-14,Google Ads,Video,EdTech,USA,40306,1176,0.029176797499131643,0.85,999.6,41,24.38048780487805,11838.48,11.843217286914765,0.03486394557823129,10838.88,0.9155634845013887
2024-02-29,TikTok Ads,Search,Fintech,Canada,138025,9192,0.06659663104510052,0.64,5882.88,420,14.006857142857143,38810.35,6.597168393711923,0.04569190600522193,32927.47,0.8484198158480921
2024-02-05,Meta Ads,Video,SaaS,India,145510,5805,0.03989416534946052,1.04,6037.2,166,36.36867469879518,30713.7,5.08740806996621,0.02859603789836348,24676.5,0.8034362515750301
2024-09-07,TikTok Ads,Display,Fintech,USA,168297,10535,0.06259766959601182,1.4,14749.0,561,26.29055258467023,30094.65,2.0404535900739034,0.053251067869008066,15345.650000000001,0.5099128914940031
2024-12-14,Meta Ads,Search,E-commerce,Australia,66157,1687,0.025499947095545445,1.3,2193.1,41,53.49024390243902,5082.94,2.317696411472345,0.024303497332542976,2889.8399999999997,0.5685371064777471
2024-03-26,Meta Ads,Shopping,Fintech,India,115003,2921,0.02539933740858934,0.4,1168.4,36,32.455555555555556,4203.19,3.5973895926052717,0.012324546388223211,3034.7899999999995,0.722020655740045
2024-01-19,Meta Ads,Shopping,Healthcare,USA,173292,7330,0.04229854811531981,1.88,13780.4,355,38.818028169014084,66981.68,4.860648457229107,0.048431105047748974,53201.27999999999,0.7942661336652052
2024-01-07,Meta Ads,Video,EdTech,Germany,94440,2219,0.023496399830580262,1.93,4282.67,156,27.45301282051282,39424.24,9.205528326954912,0.07030193780982424,35141.57,0.8913696243732283
2024-06-24,Meta Ads,Video,Healthcare,India,93003,1283,0.013795253916540327,1.76,2258.08,49,46.08326530612245,1614.11,0.714815241266917,0.03819173811379579,-643.97,-0.39896289596124185
2024-02-02,TikTok Ads,Video,E-commerce,USA,112294,9039,0.08049406023474094,0.99,8948.61,99,90.39,20435.34,2.2836328770613536,0.010952538997676734,11486.73,0.5621012422597323
2024-05-22,Meta Ads,Display,SaaS,USA,165321,4447,0.026899184011710552,1.56,6937.32,301,23.047574750830563,23975.23,3.4559786776449695,0.06768608050371036,17037.91,0.7106463629337445
2024-11-11,TikTok Ads,Video,Healthcare,USA,137895,5901,0.04279342978353095,1.34,7907.34,379,20.863693931398416,86835.97,10.98169169404629,0.06422640230469412,78928.63,0.9089393485211256
2024-02-27,TikTok Ads,Display,E-commerce,Germany,7978,557,0.06981699674103785,0.61,339.77,34,9.993235294117646,6686.61,19.67981281455102,0.06104129263913824,6346.84,0.9491865085596439
2024-02-08,TikTok Ads,Display,Fintech,Germany,113994,4320,0.037896731406916156,0.77,3326.4,142,23.425352112676055,25985.24,7.811820586820587,0.03287037037037037,22658.84,0.8719888675263341
2024-02-16,Google Ads,Search,EdTech,UAE,90794,5638,0.06209661431372117,3.1,17477.8,217,80.54285714285714,54642.18,3.1263763173854833,0.038488825824760556,37164.380000000005,0.6801408728568298
2024-12-20,Meta Ads,Display,Healthcare,Australia,118694,2338,0.019697710078015736,2.26,5283.88,76,69.52473684210527,6774.6,1.282126013459806,0.032506415739948676,1490.7200000000003,0.22004546393883037
2024-07-17,Google Ads,Shopping,Healthcare,UAE,99805,1936,0.019397825760232454,1.4,2710.4,112,24.2,29346.97,10.827542060212515,0.05785123966942149,26636.57,0.907642935539853
2024-01-30,Google Ads,Search,Fintech,Canada,187156,3986,0.021297740922011584,2.39,9526.54,269,35.414646840148706,34393.23,3.6102540901523534,0.0674862017059709,24866.690000000002,0.7230111856315908
2024-08-04,TikTok Ads,Video,EdTech,UAE,120152,4613,0.03839303548838138,0.97,4474.61,108,41.43157407407407,27205.77,6.0800315558227425,0.023412096249729026,22731.16,0.8355271694203105
2024-12-16,Google Ads,Search,Fintech,UK,117458,6824,0.05809736246147559,2.01,13716.24,251,54.64637450199203,12200.18,0.8894697088998151,0.036781946072684646,-1516.0599999999995,-0.12426537969111927
2024-06-22,Meta Ads,Video,EdTech,Australia,35398,1044,0.02949319170574609,0.45,469.8,20,23.490000000000002,1596.24,3.3977011494252873,0.019157088122605363,1126.44,0.7056833558863329
2024-03-30,TikTok Ads,Video,Healthcare,India,98386,7556,0.07679954465066167,0.35,2644.6,385,6.869090909090909,43735.3,16.537586024351512,0.05095288512440445,41090.700000000004,0.9395316826453689
2024-08-06,Meta Ads,Video,E-commerce,Canada,70133,2293,0.03269502231474484,1.04,2384.72,75,31.796266666666664,14249.95,5.975523331879635,0.03270824247710423,11865.230000000001,0.8326506408794417
2024-06-26,Google Ads,Video,SaaS,USA,30169,1523,0.050482283138320795,1.44,2193.12,34,64.5035294117647,8282.71,3.776678886700226,0.02232435981615233,6089.589999999999,0.7352170968197607
2024-01-25,Google Ads,Search,EdTech,Germany,122959,3553,0.028895810798721524,1.67,5933.51,133,44.612857142857145,11079.66,1.86730282750008,0.0374331550802139,5146.15,0.46446822375415847
2024-04-12,Meta Ads,Search,Healthcare,Australia,73083,3040,0.04159654091922882,0.6,1824.0,203,8.985221674876847,29701.35,16.283634868421053,0.06677631578947368,27877.35,0.9385886500108581
2024-05-02,Meta Ads,Display,Fintech,India,113889,4623,0.04059215551984827,1.19,5501.37,362,15.197154696132596,19216.96,3.4931226221832015,0.0783041315163314,13715.59,0.7137231903485255
2024-06-23,Meta Ads,Search,Healthcare,Australia,57203,1029,0.01798856703319756,0.87,895.23,11,81.38454545454546,1505.4,1.6815790355551088,0.010689990281827016,610.1700000000001,0.4053208449581507
2024-07-12,TikTok Ads,Display,SaaS,UAE,36562,1257,0.03437995733274985,0.43,540.51,74,7.304189189189189,11838.52,21.902499491221256,0.0588703261734288,11298.01,0.9543431104563745
2024-12-01,Google Ads,Search,EdTech,USA,177256,4059,0.02289908381098524,2.19,8889.21,138,64.4145652173913,32140.46,3.615671133880289,0.03399852180339985,23251.25,0.7234261737386459
2024-02-23,TikTok Ads,Shopping,SaaS,India,179036,11046,0.06169708885363837,0.87,9610.02,787,12.210952986022873,127296.84,13.246261714335661,0.0712475104110085,117686.81999999999,0.9245070026875765
2024-07-02,Google Ads,Display,EdTech,Germany,87481,4181,0.047793235102479396,2.88,12041.28,104,115.78153846153847,28643.42,2.3787687023306487,0.024874431954077972,16602.14,0.5796144454817197
2024-06-22,TikTok Ads,Shopping,E-commerce,India,130645,8243,0.06309464579585901,0.95,7830.85,356,21.99676966292135,16420.6,2.096911574094766,0.043188159650612644,8589.749999999998,0.5231081690072226
2024-11-24,Google Ads,Search,SaaS,India,121089,3499,0.028896101214808942,0.93,3254.07,185,17.589567567567567,28042.42,8.617644979978918,0.05287224921406116,24788.35,0.8839590163759048
2024-05-07,Google Ads,Search,EdTech,Canada,15589,285,0.018282122009108986,1.18,336.3,10,33.63,1359.76,4.043294677371394,0.03508771929824561,1023.46,0.7526769429899395
2024-08-11,TikTok Ads,Search,Fintech,Germany,101411,9370,0.092396288371084,0.81,7589.7,523,14.511854684512429,26633.21,3.509125525383085,0.05581643543223052,19043.51,0.7150287179052017
2024-03-25,Google Ads,Shopping,E-commerce,UK,142045,9161,0.06449364637966841,2.39,21894.79,525,41.7043619047619,131680.16,6.014223475082428,0.057308154131645014,109785.37,0.8337274954708438
2024-07-05,Meta Ads,Shopping,Healthcare,UK,42236,1013,0.023984278814281654,1.43,1448.59,29,49.95137931034483,4720.08,3.2583960955135685,0.028627838104639685,3271.49,0.6931005406688022
2024-05-23,Meta Ads,Shopping,E-commerce,Canada,75628,794,0.01049875707409954,0.5,397.0,49,8.10204081632653,3639.22,9.166801007556675,0.061712846347607056,3242.22,0.8909106896532774
2024-12-08,TikTok Ads,Video,Fintech,Germany,116184,4089,0.03519417475728155,0.34,1390.26,263,5.28615969581749,54249.41,39.021053615870414,0.06431890437759843,52859.15,0.9743728088471376
2024-10-19,Google Ads,Video,E-commerce,USA,121465,5575,0.04589799530729016,1.64,9143.0,273,33.49084249084249,28769.59,3.1466247402384337,0.04896860986547085,19626.59,0.6821991554276582
2024-01-09,Google Ads,Video,Fintech,UK,108510,3721,0.03429177034374712,1.41,5246.61,116,45.229396551724136,23480.01,4.47527260459611,0.031174415479709755,18233.399999999998,0.7765499248083795
2024-03-12,Meta Ads,Shopping,Healthcare,Canada,199650,4152,0.020796393688955674,0.78,3238.56,165,19.627636363636363,10558.75,3.2603224890074602,0.039739884393063585,7320.1900000000005,0.6932818752219724
2024-07-10,Google Ads,Shopping,SaaS,USA,73734,1990,0.026988906067757074,0.82,1631.8,143,11.411188811188811,16954.02,10.389765902684154,0.07185929648241206,15322.220000000001,0.9037514406612709
2024-03-10,Meta Ads,Shopping,E-commerce,Canada,149532,5069,0.03389909852071797,2.39,12114.91,397,30.516146095717883,95392.09,7.873941283922043,0.07831919510751628,83277.18,0.8729987989570204
2024-01-27,Google Ads,Search,Fintech,India,79432,4130,0.05199415852553127,2.29,9457.7,311,30.410610932475887,59366.41,6.2770451589709975,0.07530266343825666,49908.71000000001,0.8406893729972893
2024-10-07,TikTok Ads,Display,Fintech,Canada,192583,11285,0.058598110944372034,1.63,18394.55,562,32.73051601423487,124224.31,6.753321500118242,0.04980062029242357,105829.76,0.8519247158627807
2024-03-09,Meta Ads,Video,SaaS,Australia,79266,2425,0.030593192541568896,0.72,1746.0,104,16.78846153846154,20287.27,11.619284077892326,0.04288659793814433,18541.27,0.9139361777114418
2024-02-25,Google Ads,Video,Fintech,Australia,33695,1277,0.03789879804125241,2.88,3677.76,89,41.323146067415735,25041.09,6.808788501696685,0.0696945967110415,21363.33,0.8531309938984286
2024-03-19,TikTok Ads,Search,Fintech,India,92030,6267,0.0680973595566663,0.58,3634.86,136,26.726911764705882,11204.78,3.082589150613779,0.02170097335248125,7569.92,0.6755973789757586
2024-11-02,Google Ads,Search,Healthcare,India,26259,669,0.025476979321375527,1.41,943.29,22,42.87681818181818,2731.41,2.895620646884839,0.03288490284005979,1788.12,0.6546508945929026
2024-04-15,Google Ads,Video,Fintech,UK,99447,5917,0.05949902963387533,1.05,6212.85,195,31.860769230769233,28481.71,4.584322814811237,0.03295588980902484,22268.86,0.7818652742409077
2024-11-17,Meta Ads,Shopping,Healthcare,UAE,170910,3315,0.019396173424609444,0.5,1657.5,167,9.925149700598803,41334.16,24.937653092006034,0.05037707390648567,39676.66,0.9598999955484762
2024-03-04,Meta Ads,Video,Healthcare,USA,180259,2072,0.011494571699610006,1.37,2838.64,136,20.87235294117647,10032.66,3.534319251472536,0.06563706563706563,7194.02,0.7170600817729297
2024-02-23,Meta Ads,Video,Healthcare,UAE,146964,5246,0.035695816662584035,1.99,10439.54,131,79.69114503816795,7261.59,0.6955852460932186,0.02497140678612276,-3177.9500000000007,-0.4376383133721404
2024-09-10,Meta Ads,Display,EdTech,Germany,153057,2969,0.01939800205152329,2.24,6650.56,148,44.936216216216216,28216.02,4.24265325025261,0.0498484338160997,21565.46,0.7642984375542687
2024-12-08,Google Ads,Search,SaaS,UK,78635,2587,0.03289883639600687,2.35,6079.45,106,57.35330188679245,21303.72,3.504218309222052,0.04097410127560881,15224.27,0.7146296515350371
2024-11-12,Meta Ads,Display,Healthcare,UAE,54031,2215,0.04099498436082989,1.66,3676.9,157,23.419745222929937,22778.62,6.195061056868557,0.0708803611738149,19101.719999999998,0.8385810905138239
2024-09-17,Google Ads,Video,SaaS,Germany,162743,8723,0.05359984761249332,1.77,15439.71,106,145.65764150943394,20056.78,1.2990386477466223,0.012151782643585922,4617.07,0.2301999623070104
2024-08-04,Google Ads,Display,Healthcare,Canada,144494,8409,0.05819618807701358,3.04,25563.36,93,274.8748387096774,20233.22,0.791492980578453,0.011059579022475919,-5330.139999999999,-0.26343508349140665
2024-11-09,Google Ads,Search,Fintech,Australia,112549,6640,0.05899652595758292,3.67,24368.8,374,65.1572192513369,21696.69,0.8903470831555103,0.056325301204819274,-2672.1100000000006,-0.12315749545207129
2024-12-23,Google Ads,Search,E-commerce,USA,148994,7509,0.05039800260413171,3.46,25981.14,588,44.18561224489796,82753.51,3.1851377576195654,0.07830603276068718,56772.369999999995,0.6860418367752619
2024-11-24,Google Ads,Display,Fintech,Canada,87373,3643,0.04169480274226592,1.05,3825.15,289,13.235813148788928,35842.03,9.370097904657333,0.0793302223442218,32016.879999999997,0.8932775292024475
2024-04-01,TikTok Ads,Shopping,E-commerce,Australia,41200,1763,0.04279126213592233,1.78,3138.14,101,31.07069306930693,27614.2,8.799543678739637,0.05728871242200794,24476.06,0.8863577434798039
2024-12-23,Google Ads,Search,Fintech,India,51986,1996,0.038394952487208096,1.53,3053.88,82,37.242439024390244,20819.66,6.8174453482127655,0.041082164328657314,17765.78,0.8533174893346
2024-10-15,Meta Ads,Search,Fintech,Germany,190392,6016,0.03159796630110509,2.29,13776.64,165,83.49478787878788,35908.75,2.6064954880144944,0.02742686170212766,22132.11,0.6163430918647962
2024-12-06,TikTok Ads,Shopping,E-commerce,Germany,137817,8654,0.062793414455401,1.52,13154.08,392,33.556326530612246,54000.95,4.105262397674333,0.0452969724982667,40846.869999999995,0.7564102113018382
2024-01-20,TikTok Ads,Video,Fintech,USA,153145,7197,0.04699467824610663,1.02,7340.94,89,82.48247191011235,6214.05,0.8464924110536254,0.012366263720994858,-1126.8899999999994,-0.18134549931204277
2024-03-07,Google Ads,Shopping,E-commerce,USA,20718,426,0.020561830292499274,2.65,1128.9,22,51.31363636363637,1505.14,1.333280184250155,0.051643192488262914,376.24,0.2499701024489416
2024-01-22,TikTok Ads,Shopping,Fintech,Germany,5059,415,0.0820320221387626,0.73,302.95,4,75.7375,798.87,2.6369697969962043,0.00963855421686747,495.92,0.6207768472968067
2024-02-28,TikTok Ads,Search,SaaS,USA,96045,5820,0.06059659534593159,0.31,1804.2,235,7.677446808510639,47063.54,26.0855448398182,0.040378006872852236,45259.340000000004,0.9616645921662502
2024-05-19,Google Ads,Display,E-commerce,UAE,12644,572,0.04523884846567542,2.22,1269.84,36,35.27333333333333,7362.94,5.798321048321048,0.06293706293706294,6093.099999999999,0.8275362830608425
2024-07-16,Google Ads,Video,EdTech,Canada,91901,3326,0.03619111870382259,2.58,8581.08,261,32.877701149425285,77117.41,8.986911903862918,0.07847263980757667,68536.33,0.888727072135851
2024-03-30,Google Ads,Search,Fintech,Canada,120431,6262,0.051996578953923824,2.77,17345.74,188,92.26457446808512,8830.89,0.5091100177911118,0.030022357074417118,-8514.850000000002,-0.9642119876931999
2024-01-23,Google Ads,Search,Fintech,Germany,7948,289,0.03636134876698541,2.07,598.23,6,99.705,1368.08,2.286879628236631,0.020761245674740483,769.8499999999999,0.5627229401789369
2024-08-14,Meta Ads,Video,E-commerce,UAE,108924,2134,0.019591641878741142,0.41,874.94,85,10.293411764705883,7418.36,8.478707111344777,0.039831302717900655,6543.42,0.8820574897955883
2024-03-30,Google Ads,Search,SaaS,Germany,66402,2695,0.040586126923887834,1.86,5012.7,199,25.189447236180904,14266.46,2.8460629999800506,0.0738404452690167,9253.759999999998,0.6486374335329156
2024-08-29,Google Ads,Display,EdTech,Canada,96676,5326,0.05509123257064835,1.67,8894.42,355,25.05470422535211,14113.5,1.5867813752892264,0.06665414945550131,5219.08,0.369793460162256
2024-04-10,Meta Ads,Search,Fintech,USA,10108,320,0.031658092599920855,0.51,163.2,8,20.4,624.2,3.8247549019607847,0.025,461.00000000000006,0.7385453380326819
2024-03-30,Google Ads,Search,SaaS,UK,23936,1211,0.0505932486631016,2.7,3269.7,49,66.72857142857143,7236.18,2.213102119460501,0.04046242774566474,3966.4800000000005,0.5481455685181961
2024-05-21,Meta Ads,Display,SaaS,India,157455,3810,0.02419738973039916,1.24,4724.4,244,19.36229508196721,55928.06,11.838129709592753,0.06404199475065617,51203.659999999996,0.9155271969025923
2024-03-29,Google Ads,Shopping,Fintech,Australia,165805,9832,0.059298573625644585,2.76,27136.32,509,53.313005893909626,143237.84,5.278454853126732,0.05176973148901546,116101.51999999999,0.8105506198641365
2024-10-27,Meta Ads,Search,Fintech,USA,69385,2650,0.03819269294516106,1.7,4505.0,160,28.15625,32080.73,7.121138734739179,0.06037735849056604,27575.73,0.8595730209381146
2024-04-27,TikTok Ads,Video,Healthcare,Australia,89944,2644,0.029396068664947077,0.31,819.64,80,10.2455,12715.09,15.513017910302084,0.030257186081694403,11895.45,0.9355380103483342
2024-04-03,Meta Ads,Search,SaaS,India,62603,1396,0.02229925083462454,1.5,2094.0,17,123.17647058823529,2988.24,1.4270487106017191,0.012177650429799427,894.2399999999998,0.2992530720424062
2024-01-10,Meta Ads,Shopping,EdTech,USA,62284,1413,0.02268640421295999,1.06,1497.78,88,17.020227272727272,10561.64,7.051529597137096,0.06227883934890304,9063.859999999999,0.8581867967474748
2024-11-09,Meta Ads,Video,EdTech,USA,172812,2972,0.017197879776867347,0.99,2942.28,178,16.529662921348315,47180.83,16.035465693271885,0.059892328398384924,44238.55,0.937638231459684
2024-01-19,Google Ads,Search,Healthcare,UAE,82764,2276,0.027499879174520323,0.91,2071.16,130,15.931999999999999,22792.2,11.004557832325847,0.05711775043936731,20721.04,0.9091285615254342
2024-04-14,Meta Ads,Search,E-commerce,India,133260,2611,0.01959327630196608,2.08,5430.88,108,50.28592592592593,16755.51,3.085229281442418,0.04136346227499042,11324.629999999997,0.6758749808272024
2024-07-08,Google Ads,Search,Fintech,Australia,188420,9364,0.04969748434348795,2.65,24814.6,324,76.58827160493827,68719.44,2.769314838844874,0.03460059803502777,43904.840000000004,0.6388998513375546
2024-02-20,Google Ads,Shopping,Fintech,UK,89431,3300,0.03689995639096063,1.47,4851.0,56,86.625,9891.88,2.0391424448567306,0.01696969696969697,5040.879999999999,0.5095977711011456
2024-01-04,Google Ads,Display,E-commerce,USA,52897,1883,0.03559748189878443,2.77,5215.91,108,48.295462962962965,5473.28,1.0493432593737237,0.05735528412108338,257.3699999999999,0.04702299169784844
2024-06-09,Google Ads,Shopping,SaaS,UK,83334,3341,0.040091679266565865,1.73,5779.93,256,22.5778515625,32514.9,5.625483353604628,0.07662376533971865,26734.97,0.8222374972704821
2024-10-17,TikTok Ads,Shopping,SaaS,USA,180721,9379,0.051897676529014336,1.3,12192.7,286,42.63181818181818,52558.42,4.310646534401732,0.03049365604008956,40365.72,0.768016237931049
2024-12-09,TikTok Ads,Display,Healthcare,Australia,195759,7262,0.03709663412665574,0.47,3413.14,75,45.50853333333333,16681.83,4.887531715663584,0.010327733406774993,13268.690000000002,0.7953977471296615
2024-07-10,Google Ads,Video,SaaS,USA,158514,4565,0.028798718094300818,2.14,9769.1,235,41.57063829787234,15388.32,1.5752034476052041,0.05147864184008762,5619.219999999999,0.3651613691423105
2024-05-17,Meta Ads,Video,SaaS,USA,82948,2347,0.028294835318512804,2.31,5421.57,65,83.40876923076922,10510.94,1.9387262361271738,0.027694929697486152,5089.370000000001,0.4841974171672563
2024-02-02,Google Ads,Video,SaaS,Canada,44420,1066,0.023998199009455202,3.64,3880.24,44,88.18727272727273,2655.91,0.6844705482135126,0.04127579737335835,-1224.33,-0.4609832411489847
2024-02-25,TikTok Ads,Search,Fintech,UAE,57006,2981,0.052292741114970356,1.1,3279.1,192,17.078645833333333,40566.37,12.371190265621665,0.06440791680644078,37287.270000000004,0.9191670341714085
2024-08-15,Meta Ads,Video,SaaS,USA,37588,1191,0.03168564435458125,1.96,2334.36,48,48.6325,13381.03,5.732204972669169,0.04030226700251889,11046.67,0.8255470617732715
2024-02-02,TikTok Ads,Shopping,Healthcare,Australia,196605,14922,0.075898374914168,1.76,26262.72,757,34.6931571994716,181823.28,6.923246335490002,0.050730465085109235,155560.56,0.8555590901231129
2024-04-01,Meta Ads,Video,Fintech,Germany,59376,564,0.009498787388843978,0.64,360.96,25,14.4384,4065.83,11.263935062056738,0.044326241134751775,3704.87,0.9112210790908621
2024-05-21,Meta Ads,Video,E-commerce,India,15865,528,0.03328080680743776,1.88,992.64,39,25.45230769230769,3165.22,3.188688749194068,0.07386363636363637,2172.58,0.6863914672597797
2024-11-26,Google Ads,Video,EdTech,UAE,80511,3622,0.04498764144030008,3.32,12025.04,140,85.89314285714286,31780.44,2.6428552420615645,0.03865267807840972,19755.399999999998,0.621621349484148
2024-06-26,Google Ads,Shopping,E-commerce,UK,143944,7873,0.0546948813427444,2.11,16612.03,513,32.38212475633528,65899.82,3.966993799072119,0.06515940556331767,49287.79000000001,0.7479199487950043
2024-07-08,Meta Ads,Search,SaaS,UK,44612,811,0.018178965300815923,2.0,1622.0,23,70.52173913043478,1008.1,0.6215166461159063,0.02836004932182491,-613.9,-0.6089673643487749
2024-11-13,Google Ads,Display,E-commerce,Australia,17299,479,0.02768946181860223,1.94,929.26,30,30.97533333333333,3163.73,3.404569227126961,0.06263048016701461,2234.4700000000003,0.7062770843276766
2024-10-29,TikTok Ads,Shopping,Healthcare,UAE,71514,3354,0.046899907710378386,1.31,4393.74,165,26.62872727272727,17363.87,3.9519566474119996,0.049194991055456175,12970.13,0.7469607869674214
2024-03-14,Google Ads,Video,E-commerce,India,37135,1006,0.027090346034738116,1.92,1931.52,62,31.153548387096773,17772.87,9.201494160039761,0.061630218687872766,15841.349999999999,0.8913219980790946
2024-11-23,Google Ads,Display,EdTech,UAE,80542,4236,0.052593677832683566,2.15,9107.4,104,87.57115384615385,15932.35,1.7493851154006632,0.024551463644948063,6824.950000000001,0.42837057935583894
2024-04-03,Google Ads,Shopping,E-commerce,Australia,112992,2802,0.0247982158028887,3.0,8406.0,124,67.79032258064517,7395.68,0.8798096597668332,0.04425410421127766,-1010.3199999999997,-0.1366094801289401
2024-06-09,Meta Ads,Search,SaaS,UK,119863,1114,0.009293943919307877,1.23,1370.22,75,18.2696,21180.36,15.457634540438761,0.06732495511669659,19810.14,0.935307048605406
2024-02-07,TikTok Ads,Search,Fintech,Germany,108806,5070,0.04659669503520027,0.36,1825.2,279,6.541935483870968,26787.94,14.676714880561033,0.05502958579881657,24962.739999999998,0.9318648615757688
2024-11-30,TikTok Ads,Shopping,Healthcare,UK,7234,496,0.06856510920652474,0.71,352.16,10,35.216,399.8,1.1352794184461608,0.020161290322580645,47.639999999999986,0.11915957978989491
2024-05-03,Meta Ads,Shopping,Fintech,Australia,143541,1980,0.01379396827387297,1.41,2791.8,152,18.367105263157896,42063.3,15.066731141199226,0.07676767676767676,39271.5,0.9336286026060722
2024-03-21,TikTok Ads,Video,EdTech,India,5497,231,0.04202292159359651,1.38,318.78,18,17.709999999999997,4467.32,14.013802622498275,0.07792207792207792,4148.54,0.9286417807544569
2024-03-03,Meta Ads,Display,EdTech,UK,160478,4413,0.027499096449357545,1.02,4501.26,82,54.893414634146346,13362.88,2.9686976535458958,0.018581463856786766,8861.619999999999,0.663151955267128
2024-10-14,Google Ads,Video,E-commerce,UK,116011,2726,0.023497771763022472,1.96,5342.96,127,42.07055118110236,4188.78,0.7839811639989818,0.04658840792369773,-1154.1800000000003,-0.27554084960298714
2024-09-17,Meta Ads,Search,EdTech,Germany,166243,1895,0.01139897619749403,0.92,1743.4,51,34.1843137254902,5887.21,3.376855569576689,0.02691292875989446,4143.8099999999995,0.703866517416569
2024-01-16,TikTok Ads,Video,E-commerce,Australia,62868,2715,0.043185722466119486,1.6,4344.0,180,24.133333333333333,35590.01,8.192912062615102,0.06629834254143646,31246.010000000002,0.8779432767790737
2024-12-15,Google Ads,Video,EdTech,UAE,132953,8163,0.06139763675885463,2.76,22529.88,130,173.30676923076925,16572.4,0.7355742684825662,0.015925517579321327,-5957.48,-0.3594820303637372
2024-03-11,Meta Ads,Display,Healthcare,UAE,107326,2436,0.02269720291448484,0.77,1875.72,84,22.330000000000002,5936.35,3.164838035527691,0.034482758620689655,4060.63,0.6840280643829962
2024-03-28,TikTok Ads,Search,E-commerce,Australia,24854,1106,0.04449987929508328,1.14,1260.84,38,33.18,8735.32,6.928174867548619,0.034358047016274866,7474.48,0.855661841810031
2024-04-05,Google Ads,Display,Healthcare,India,175949,7108,0.04039806989525374,2.44,17343.52,75,231.24693333333335,22062.99,1.2721171942027916,0.010551491277433878,4719.470000000001,0.21390890355296363
2024-12-27,TikTok Ads,Shopping,EdTech,USA,131956,7772,0.05889842068568311,0.29,2253.88,211,10.681895734597157,23120.58,10.25812376878982,0.02714873906330417,20866.7,0.9025162863561381
2024-11-11,Google Ads,Video,Healthcare,UAE,90096,4784,0.05309891671106375,3.17,15165.28,310,48.92025806451613,81015.37,5.342161173417173,0.06479933110367893,65850.09,0.8128098408980913
2024-02-13,Google Ads,Video,E-commerce,UK,48766,1731,0.0354960423245704,1.04,1800.24,44,40.914545454545454,12477.84,6.9312091721103855,0.025418833044482957,10677.6,0.8557250293319998
2024-04-24,Meta Ads,Display,Fintech,USA,68989,2952,0.04278943019901724,1.79,5284.08,169,31.266745562130176,14776.11,2.79634486987328,0.05724932249322493,9492.03,0.6423903178847478
2024-10-13,Google Ads,Search,E-commerce,India,197557,4326,0.021897477689983146,1.18,5104.68,259,19.70918918918919,39016.05,7.643192129575214,0.059870550161812294,33911.37,0.8691646130246399
2024-05-14,Google Ads,Video,E-commerce,Canada,96178,4328,0.04499989602611824,3.36,14542.08,275,52.88029090909091,37193.1,2.5576189926062844,0.06353974121996303,22651.019999999997,0.6090113488792276
2024-09-10,TikTok Ads,Shopping,Healthcare,India,144940,5333,0.036794535669932384,1.31,6986.23,148,47.204256756756756,32610.09,4.66776644914353,0.027751734483405212,25623.86,0.7857647740315957
2024-04-12,TikTok Ads,Shopping,SaaS,UAE,152322,13678,0.08979661506545344,0.41,5607.98,813,6.897884378843788,103237.84,18.40909561018406,0.059438514402690455,97629.86,0.9456790262175188
2024-08-22,Google Ads,Display,EdTech,Australia,89124,2664,0.029890938467752794,1.24,3303.36,198,16.683636363636364,52262.98,15.821157851399787,0.07432432432432433,48959.62,0.9367935008681096
2024-12-13,Google Ads,Video,Fintech,India,126404,2073,0.01639979747476346,0.92,1907.16,24,79.465,3807.61,1.9964816795654272,0.011577424023154847,1900.45,0.49911886984223697
2024-11-20,Meta Ads,Search,Healthcare,Canada,84654,2937,0.03469416684385853,1.84,5404.08,104,51.96230769230769,30747.28,5.689641900193927,0.035410282601293835,25343.199999999997,0.8242420142529681
2024-06-20,Meta Ads,Video,EdTech,Germany,95987,1919,0.01999229062268849,1.71,3281.49,124,26.463629032258062,28533.79,8.695376185818029,0.06461698801459093,25252.300000000003,0.8849963499415956
2024-06-01,Google Ads,Shopping,SaaS,UAE,154088,9106,0.05909610092933908,3.24,29503.44,294,100.35183673469388,42565.78,1.44273955850572,0.03228640456841643,13062.34,0.3068742074032239
2024-02-29,TikTok Ads,Search,EdTech,Australia,71883,2077,0.028894175257014872,1.71,3551.67,87,40.823793103448274,12811.32,3.607125662012518,0.04188733750601829,9259.65,0.7227709556860651
2024-07-22,Meta Ads,Shopping,E-commerce,UAE,133716,1617,0.01209279368213228,0.85,1374.45,48,28.634375000000002,3570.09,2.597468078140347,0.029684601113172542,2195.6400000000003,0.6150097056376731
2024-12-26,TikTok Ads,Display,Fintech,Germany,43319,2534,0.05849627184376371,1.66,4206.44,111,37.89585585585585,10456.87,2.48591920959291,0.04380426203630623,6250.430000000001,0.5977343124663499
2024-09-03,Google Ads,Search,E-commerce,India,144911,7897,0.05449551793859679,1.63,12872.11,555,23.192990990990992,21004.5,1.6317837557323547,0.07027985310877548,8132.389999999999,0.3871737008736223
2024-10-22,Google Ads,Search,Fintech,UAE,180634,7821,0.043297496595325356,2.21,17284.41,581,29.749414802065406,136556.31,7.90054795043626,0.07428717555299834,119271.9,0.8734265007600162
2024-02-03,Meta Ads,Display,EdTech,Australia,76095,2031,0.026690321308890205,1.49,3026.19,135,22.416222222222224,33172.87,10.961925721782176,0.06646971935007386,30146.680000000004,0.9087751527076192
2024-07-11,TikTok Ads,Video,E-commerce,Germany,180128,10555,0.058597219754841,0.84,8866.2,707,12.540594059405942,200566.9,22.62151767386253,0.0669824727617243,191700.69999999998,0.9557943010536634
2024-06-23,Meta Ads,Display,EdTech,Australia,169849,5927,0.034895701476016935,0.94,5571.38,437,12.749153318077804,105321.92,18.904099163941428,0.0737303863674709,99750.54,0.9471014201032415
2024-03-01,Meta Ads,Video,Fintech,Australia,122974,2939,0.02389936084050287,1.85,5437.15,91,59.748901098901094,26004.98,4.782832917980928,0.030962912555290916,20567.83,0.7909188932273742
2024-08-02,Google Ads,Search,E-commerce,USA,28553,850,0.0297692011347319,2.06,1751.0,51,34.333333333333336,13010.72,7.430451170759565,0.06,11259.72,0.8654186701427745
2024-01-29,Meta Ads,Display,EdTech,UK,77447,906,0.01169832272392733,1.15,1041.9,29,35.92758620689656,8284.13,7.9509837796333604,0.03200883002207505,7242.23,0.874229400069772
